Symbol,Market,TradingDate,Time,Open,High,Low,Close,Volume,Value
VNM,HOSE,02/01/2019,,80796,82459,80464,82459,403570,49601720000
VNM,HOSE,03/01/2019,,82459,82459,80863,81727,449730,55083160000
VNM,HOSE,04/01/2019,,81461,83124,80464,83124,498470,61395880000
VNM,HOSE,07/01/2019,,84919,87114,83456,87114,897430,116281850000
VNM,HOSE,08/01/2019,,87380,87380,85584,86449,448350,58153120000
VNM,HOSE,09/01/2019,,86449,88111,85784,87712,636050,83721540000
VNM,HOSE,10/01/2019,,87712,87779,87047,87579,301700,39688630000
VNM,HOSE,11/01/2019,,87579,89109,87579,89109,954110,127561000000
VNM,HOSE,14/01/2019,,88444,89774,88377,89774,611420,81941000000
VNM,HOSE,15/01/2019,,89774,89907,89109,89707,598510,80743980000
VNM,HOSE,16/01/2019,,89109,89574,87779,88444,562220,75220000000
VNM,HOSE,17/01/2019,,88444,88710,87513,87912,514870,68172000000
VNM,HOSE,18/01/2019,,88444,89707,88444,89109,545600,73215800000
VNM,HOSE,21/01/2019,,89175,89175,87978,88976,279380,37189810000
VNM,HOSE,22/01/2019,,89242,89774,88444,89109,399040,53429620000
VNM,HOSE,23/01/2019,,89707,89774,88976,89441,1028650,138323300000
VNM,HOSE,24/01/2019,,89774,90106,89308,90106,1077600,145618110000
VNM,HOSE,25/01/2019,,90439,90638,90173,90372,813810,110726170000
VNM,HOSE,28/01/2019,,90771,90838,90372,90771,487650,66426560000
VNM,HOSE,29/01/2019,,91104,91104,90106,90771,371010,50490100000
VNM,HOSE,30/01/2019,,90838,90838,90106,90106,279280,37960870000
VNM,HOSE,31/01/2019,,90771,90771,88776,89774,812290,110117270000
VNM,HOSE,01/02/2019,,90306,90306,88444,89774,731430,98300850000
VNM,HOSE,11/02/2019,,89774,91702,89707,91104,1357210,185686680000
VNM,HOSE,12/02/2019,,91769,91902,91104,91769,957440,132036430000
VNM,HOSE,13/02/2019,,91769,92035,90572,91968,764480,105043480000
VNM,HOSE,14/02/2019,,91968,93298,91769,92700,1341090,186847320000
VNM,HOSE,15/02/2019,,93099,93298,92766,93232,910160,127475630000
VNM,HOSE,18/02/2019,,93365,94761,93298,94429,1082650,152980310000
VNM,HOSE,19/02/2019,,95094,95293,94695,94828,1974200,281842750000
VNM,HOSE,20/02/2019,,95094,95426,94961,95094,983460,140764870000
VNM,HOSE,21/02/2019,,95426,99150,95094,98751,1859260,272426870000
VNM,HOSE,22/02/2019,,99084,99416,98618,99017,814320,121359200000
VNM,HOSE,25/02/2019,,99084,101478,98884,100813,1211040,183406750000
VNM,HOSE,26/02/2019,,99749,101079,96424,97155,806810,119857940000
VNM,HOSE,27/02/2019,,97288,99749,97288,98219,484610,71624310000
VNM,HOSE,28/02/2019,,98751,98751,93830,93830,976450,139943270000
VNM,HOSE,01/03/2019,,95692,95692,94030,94030,868720,123315700000
VNM,HOSE,04/03/2019,,94096,95692,94096,95027,876760,124929490000
VNM,HOSE,05/03/2019,,94761,94961,94163,94429,532510,75770520000
VNM,HOSE,06/03/2019,,94429,94961,92101,93764,711250,99645580000
VNM,HOSE,07/03/2019,,93963,94429,92766,92899,708000,99719150000
VNM,HOSE,08/03/2019,,92434,92766,90173,91104,980860,134719080000
VNM,HOSE,11/03/2019,,90771,92367,90771,91503,423100,58292570000
VNM,HOSE,12/03/2019,,91769,92766,91769,92434,560360,77763530000
VNM,HOSE,13/03/2019,,92766,93165,91902,91968,616010,85804560000
VNM,HOSE,14/03/2019,,92434,92434,90904,91436,886200,126617570000
VNM,HOSE,15/03/2019,,91237,91769,90771,91104,1254050,171974890000
VNM,HOSE,18/03/2019,,91769,92168,91436,91769,910690,125898150000
VNM,HOSE,19/03/2019,,91769,91769,90838,91037,936230,128493140000
VNM,HOSE,20/03/2019,,90771,92101,89907,92101,1269860,172816200000
VNM,HOSE,21/03/2019,,92434,93032,90439,90439,885480,122771900000
VNM,HOSE,22/03/2019,,90439,91104,90106,90771,526570,71795630000
VNM,HOSE,25/03/2019,,89574,90771,89508,90771,582580,78764630000
VNM,HOSE,26/03/2019,,90771,91370,90439,90771,684470,93510000000
VNM,HOSE,27/03/2019,,90838,91237,90638,90771,682000,93185000000
VNM,HOSE,28/03/2019,,90705,90771,89907,89907,816770,110976000000
VNM,HOSE,29/03/2019,,89907,90771,89641,89641,1357400,183376000000
VNM,HOSE,01/04/2019,,90106,92168,89774,92168,796720,109537770000
VNM,HOSE,02/04/2019,,93032,93032,91303,92434,1233340,171838090000
VNM,HOSE,03/04/2019,,92434,92434,91503,92101,683970,94425610000
VNM,HOSE,04/04/2019,,92035,92966,91769,91769,469730,65089490000
VNM,HOSE,05/04/2019,,91769,91769,90638,90638,1017700,139006200000
VNM,HOSE,08/04/2019,,91370,91569,90771,91237,546190,74909050000
VNM,HOSE,09/04/2019,,91702,91702,89774,90040,1148040,155826590000
VNM,HOSE,10/04/2019,,89774,90771,89774,89973,873110,118233420000
VNM,HOSE,11/04/2019,,89973,90572,89973,90173,383850,52088240000
VNM,HOSE,12/04/2019,,90173,90505,89707,90239,684520,92643830000
VNM,HOSE,16/04/2019,,89774,90705,89774,90439,514140,69876450000
VNM,HOSE,17/04/2019,,90705,91037,89707,89774,864260,117218210000
VNM,HOSE,18/04/2019,,89774,90106,89707,89907,601240,81246550000
VNM,HOSE,19/04/2019,,90106,90173,88111,88444,599290,80198800000
VNM,HOSE,22/04/2019,,87114,87779,85917,86183,1417290,183942880000
VNM,HOSE,23/04/2019,,85185,86116,84254,84454,974950,124914050000
VNM,HOSE,24/04/2019,,84986,86116,84720,86116,482490,62236800000
VNM,HOSE,25/04/2019,,86183,86249,85318,86116,414330,53574.08
VNM,HOSE,26/04/2019,,86316,86648,85983,86316,565240,73359460000
VNM,HOSE,02/05/2019,,86449,87180,86249,86449,736990,96273600000
VNM,HOSE,03/05/2019,,87114,87114,86382,87114,486390,63523730000
VNM,HOSE,06/05/2019,,86648,86648,85119,85850,368910,47653240000
VNM,HOSE,07/05/2019,,86382,86449,85917,86116,723470,93688770000
VNM,HOSE,08/05/2019,,85185,85850,85119,85119,628830,80903660000
VNM,HOSE,09/05/2019,,85451,85850,85119,85252,287680,36977830000
VNM,HOSE,10/05/2019,,85451,86515,85451,86515,366690,47339400000
VNM,HOSE,13/05/2019,,86316,89042,86316,89042,974030,128695620000
VNM,HOSE,14/05/2019,,87912,90705,87912,90106,1097910,148131190000
VNM,HOSE,15/05/2019,,90106,90705,89375,90173,355850,48103950000
VNM,HOSE,16/05/2019,,89973,90705,89774,90705,702130,95452410000
VNM,HOSE,17/05/2019,,90771,90771,90106,90173,435380,59255000000
VNM,HOSE,20/05/2019,,89774,91503,89574,91436,450900,61492820000
VNM,HOSE,21/05/2019,,91104,91104,88776,88776,762310,103142940000
VNM,HOSE,22/05/2019,,89109,89774,87712,87845,619370,82384010000
VNM,HOSE,23/05/2019,,87247,88444,87247,87845,429290,56664000000
VNM,HOSE,24/05/2019,,87114,88776,86715,86781,765150,100363940000
VNM,HOSE,27/05/2019,,87114,89109,86382,89109,320060,42460310000
VNM,HOSE,28/05/2019,,89109,89441,87579,87779,608790,80578980000
VNM,HOSE,29/05/2019,,88045,88909,87646,88377,271730,36023920000
VNM,HOSE,30/05/2019,,88311,88444,87446,87446,542710,71879330000
VNM,HOSE,31/05/2019,,87380,87646,86116,86116,711390,92885410000
VNM,HOSE,03/06/2019,,86116,86515,84520,85119,717990,92458460000
VNM,HOSE,04/06/2019,,85451,85784,85119,85518,472650,60659020000
VNM,HOSE,05/06/2019,,86530,86934,85454,85790,358780,45972810000
VNM,HOSE,06/06/2019,,85790,85992,84714,85117,548650,69405130000
VNM,HOSE,07/06/2019,,84983,85723,84983,85185,362030,45899150000
VNM,HOSE,10/06/2019,,85454,85992,84714,85386,561260,71233650000
VNM,HOSE,11/06/2019,,85454,85454,84377,84444,565400,71242580000
VNM,HOSE,12/06/2019,,84243,84646,84175,84243,699880,87789660000
VNM,HOSE,13/06/2019,,84243,84243,82628,82897,1125310,138959330000
VNM,HOSE,14/06/2019,,82762,83570,82695,83233,665880,82189460000
VNM,HOSE,17/06/2019,,83233,83301,82628,83233,632730,78047580000
VNM,HOSE,18/06/2019,,82762,83233,82762,82762,1039070,128187200000
VNM,HOSE,19/06/2019,,82762,83233,82762,83031,929690,114648610000
VNM,HOSE,20/06/2019,,82762,83233,82762,83031,929690,114648610000
VNM,HOSE,21/06/2019,,84444,84444,82964,84444,2613920,327520270000
VNM,HOSE,24/06/2019,,84714,84714,82830,82830,615090,76570360000
VNM,HOSE,25/06/2019,,82830,83570,82830,83031,704890,87200420000
VNM,HOSE,26/06/2019,,82830,83368,82762,83099,497730,61463480000
VNM,HOSE,27/06/2019,,83099,83301,82695,82830,802160,98917240000
VNM,HOSE,28/06/2019,,82762,82897,81753,82762,919970,112641430000
VNM,HOSE,01/07/2019,,82762,84175,82762,84108,991440,123526950000
VNM,HOSE,02/07/2019,,84108,84848,83839,84175,716810,89638040000
VNM,HOSE,03/07/2019,,84243,84983,83973,84781,657870,82599210000
VNM,HOSE,04/07/2019,,84915,85185,84848,84915,613870,77489650000
VNM,HOSE,05/07/2019,,84915,85185,84579,84915,520290,65622120000
VNM,HOSE,08/07/2019,,84579,84579,83435,83570,969080,120684080000
VNM,HOSE,09/07/2019,,83570,84108,83166,84108,951440,118001980000
VNM,HOSE,10/07/2019,,84108,84444,83973,84108,420940,52656650000
VNM,HOSE,11/07/2019,,84444,84444,84108,84243,277200,34719000000
VNM,HOSE,12/07/2019,,84243,84310,83435,83435,370730,46207000000
VNM,HOSE,15/07/2019,,83368,83435,82897,82897,703320,86928000000
VNM,HOSE,16/07/2019,,83301,83570,83099,83435,512540,63492000000
VNM,HOSE,17/07/2019,,83435,84714,83368,84377,965170,120626000000
VNM,HOSE,18/07/2019,,84108,84377,83772,83839,707720,88305000000
VNM,HOSE,19/07/2019,,83839,85521,83839,85386,1381230,174241000000
VNM,HOSE,22/07/2019,,85117,85117,84444,84444,721980,90875000000
VNM,HOSE,23/07/2019,,84444,84512,83973,84377,764550,95638000000
VNM,HOSE,24/07/2019,,84781,85386,84243,84512,593800,74733000000
VNM,HOSE,25/07/2019,,84108,84444,84108,84175,686030,85861000000
VNM,HOSE,26/07/2019,,84310,84714,83772,83772,526110,65830000000
VNM,HOSE,29/07/2019,,83502,83704,82762,83099,1095840,135217000000
VNM,HOSE,30/07/2019,,84108,84512,83099,83099,921500,114861000000
VNM,HOSE,31/07/2019,,83099,83435,82695,82897,816150,100704000000
VNM,HOSE,01/08/2019,,83099,83772,82897,83570,502790,62297000000
VNM,HOSE,02/08/2019,,83099,83570,82964,83435,471510,58359000000
VNM,HOSE,05/08/2019,,83099,83704,82089,82089,882750,108706000000
VNM,HOSE,06/08/2019,,81417,81417,80205,80878,938500,112608000000
VNM,HOSE,07/08/2019,,80878,81955,80878,81417,731780,88636000000
VNM,HOSE,08/08/2019,,81417,81820,80878,81349,570640,68946000000
VNM,HOSE,09/08/2019,,81349,81888,81282,81417,726150,88028000000
VNM,HOSE,12/08/2019,,81417,81417,81013,81147,442330,53351000000
VNM,HOSE,13/08/2019,,80744,80878,79398,79398,1178780,140068000000
VNM,HOSE,14/08/2019,,80205,80676,79869,79869,677360,80636000000
VNM,HOSE,15/08/2019,,78927,82089,78927,82089,673120,80331000000
VNM,HOSE,16/08/2019,,81417,84579,81080,83502,1074270,132593000000
VNM,HOSE,19/08/2019,,83772,84243,83704,84041,758210,94583000000
VNM,HOSE,20/08/2019,,84041,84041,83502,83704,787020,98073000000
VNM,HOSE,21/08/2019,,83435,83637,83099,83368,580860,71962000000
VNM,HOSE,22/08/2019,,83368,83637,83301,83435,525610,65155000000
VNM,HOSE,23/08/2019,,83502,83570,82762,82762,621830,76765000000
VNM,HOSE,26/08/2019,,82089,82224,80878,81080,839870,101393000000
VNM,HOSE,27/08/2019,,81753,81955,80407,80071,943130,113040000000
VNM,HOSE,28/08/2019,,80744,80811,80205,80340,521700,62399000000
VNM,HOSE,29/08/2019,,80744,82493,80609,82762,561530,68248000000
VNM,HOSE,30/08/2019,,82762,83570,82560,82762,797090,98516000000
VNM,HOSE,03/09/2019,,82762,83637,82762,83435,744840,92292000000
VNM,HOSE,04/09/2019,,83435,83435,82493,83301,405800,50132000000
VNM,HOSE,05/09/2019,,83570,83570,82157,82089,587180,71921000000
VNM,HOSE,06/09/2019,,82089,82830,82089,82628,315980,38769000000
VNM,HOSE,09/09/2019,,82762,83772,82426,83772,498850,61699000000
VNM,HOSE,10/09/2019,,83637,83637,82964,83233,647890,80174000000
VNM,HOSE,11/09/2019,,83301,83435,82157,82157,401410,49489000000
VNM,HOSE,12/09/2019,,82426,82964,81686,82089,600870,73278000000
VNM,HOSE,13/09/2019,,82224,82426,81753,82157,503530,61418000000
VNM,HOSE,16/09/2019,,83116,83116,82158,83116,604710,73000000000
VNM,HOSE,17/09/2019,,83116,84142,82569,83800,482570,59061000000
VNM,HOSE,18/09/2019,,83458,84758,83253,84621,972940,119976000000
VNM,HOSE,19/09/2019,,84484,84758,83800,84553,725700,89475000000
VNM,HOSE,20/09/2019,,84621,84621,83732,83527,1623350,198756000000
VNM,HOSE,23/09/2019,,84142,85579,83937,85168,1560140,194118000000
VNM,HOSE,24/09/2019,,85168,87289,85032,86810,1340450,169478000000
VNM,HOSE,25/09/2019,,86400,86810,85852,86468,617630,77978000000
VNM,HOSE,26/09/2019,,86947,88999,86536,88931,1613560,207526000000
VNM,HOSE,27/09/2019,,88931,89683,88520,88999,1183530,153976000000
VNM,HOSE,30/09/2019,,88999,89410,88520,88726,885490,115010000000
VNM,HOSE,01/10/2019,,88589,88726,87357,87563,1207380,154982000000
VNM,HOSE,02/10/2019,,87221,87426,86331,86879,2070220,262426000000
VNM,HOSE,03/10/2019,,86194,87768,85852,88247,825310,104607000000
VNM,HOSE,04/10/2019,,88315,89546,87905,87973,641540,83117000000
VNM,HOSE,07/10/2019,,87836,88931,87699,88315,833680,107565000000
VNM,HOSE,08/10/2019,,87973,88452,87973,88247,537440,69287000000
VNM,HOSE,09/10/2019,,88110,88110,86742,86879,663150,84733000000
VNM,HOSE,10/10/2019,,86673,87905,86673,86879,442150,56295000000
VNM,HOSE,11/10/2019,,86879,87563,86810,87563,631310,80490000000
VNM,HOSE,14/10/2019,,88247,88247,87494,87973,586040,75232000000
VNM,HOSE,15/10/2019,,87905,88589,87357,87768,1165130,149596000000
VNM,HOSE,16/10/2019,,87768,89546,87768,89204,1321580,171814000000
VNM,HOSE,17/10/2019,,89204,90573,89068,89615,1409580,185633000000
VNM,HOSE,18/10/2019,,89957,90983,89957,90641,1116920,147774000000
VNM,HOSE,21/10/2019,,90641,92693,90231,91393,2006630,269170000000
VNM,HOSE,22/10/2019,,91667,91941,90504,90641,1398920,186895000000
VNM,HOSE,23/10/2019,,90641,90778,89752,90504,847820,111828000000
VNM,HOSE,24/10/2019,,90436,91257,90436,90709,520890,69158000000
VNM,HOSE,25/10/2019,,90709,92009,90641,92009,816560,109485000000
VNM,HOSE,28/10/2019,,92009,92625,91393,91530,558360,75076000000
VNM,HOSE,29/10/2019,,91462,92283,91393,91736,520280,69768000000
VNM,HOSE,30/10/2019,,91941,92214,89615,90299,1301690,172902000000
VNM,HOSE,31/10/2019,,90299,90299,88110,88931,2550480,331648000000
VNM,HOSE,01/11/2019,,89068,90983,89068,90573,969370,127802000000
VNM,HOSE,04/11/2019,,90983,90983,89341,89820,1407970,184936000000
VNM,HOSE,05/11/2019,,89820,89820,88384,88384,1876790,243648000000
VNM,HOSE,06/11/2019,,88247,89273,87905,88999,1184100,153628000000
VNM,HOSE,07/11/2019,,88589,88794,88041,88315,866170,111877000000
VNM,HOSE,08/11/2019,,88315,89136,88178,88384,1193130,154331000000
VNM,HOSE,11/11/2019,,88384,89068,88247,88452,645500,83593000000
VNM,HOSE,12/11/2019,,88452,88452,87084,87221,1934480,247361000000
VNM,HOSE,13/11/2019,,87221,87221,85784,85852,1956940,246683000000
VNM,HOSE,14/11/2019,,86194,86468,85921,86126,695470,87598000000
VNM,HOSE,15/11/2019,,86194,86194,82090,84142,2384360,294120000000
VNM,HOSE,18/11/2019,,84142,84416,82364,82637,1671470,202378000000
VNM,HOSE,19/11/2019,,82364,85100,82364,85100,1078610,132501000000
VNM,HOSE,20/11/2019,,85168,85374,84347,84826,1150700,142615000000
VNM,HOSE,21/11/2019,,84484,84689,83253,83458,1395000,170768000000
VNM,HOSE,22/11/2019,,83732,84279,82979,83116,719680,87894000000
VNM,HOSE,25/11/2019,,83595,84347,82500,84142,680740,83239000000
VNM,HOSE,26/11/2019,,84074,84826,83937,84142,971390,119892000000
VNM,HOSE,27/11/2019,,84621,84621,83527,83527,366920,45007000000
VNM,HOSE,28/11/2019,,83527,83663,82364,83527,1107720,134150000000
VNM,HOSE,29/11/2019,,83458,83732,82911,83116,549840,66982000000
VNM,HOSE,02/12/2019,,83116,83116,80927,80927,1489150,178085000000
VNM,HOSE,03/12/2019,,80585,80585,79422,79627,1422610,166184000000
VNM,HOSE,04/12/2019,,79627,81269,79627,81269,693700,81367000000
VNM,HOSE,05/12/2019,,81885,81885,80585,80585,694150,82377000000
VNM,HOSE,06/12/2019,,80653,80653,79559,79559,937120,109429000000
VNM,HOSE,09/12/2019,,79559,80859,79559,80790,766050,89950000000
VNM,HOSE,10/12/2019,,80790,81201,80380,80859,850090,100477000000
VNM,HOSE,11/12/2019,,80517,81132,80243,81132,793940,93723000000
VNM,HOSE,12/12/2019,,81406,81748,81337,81543,701380,83634000000
VNM,HOSE,13/12/2019,,81611,82022,80722,80722,564680,67273000000
VNM,HOSE,16/12/2019,,81064,81269,80517,81201,751280,88873000000
VNM,HOSE,17/12/2019,,81269,81269,80106,80106,829630,97640000000
VNM,HOSE,18/12/2019,,80311,81406,80243,81064,1400340,165797000000
VNM,HOSE,19/12/2019,,81132,82090,81132,81885,1582510,189429000000
VNM,HOSE,20/12/2019,,82090,82295,81748,82090,1822570,218685000000
VNM,HOSE,23/12/2019,,82090,82090,80722,80722,786100,93625000000
VNM,HOSE,24/12/2019,,80722,81269,80722,81132,577000,68382000000
VNM,HOSE,25/12/2019,,81748,81748,80517,80722,541190,63982000000
VNM,HOSE,26/12/2019,,81276,81414,80724,80724,345150,40523000000
VNM,HOSE,27/12/2019,,80724,81759,80034,81552,383460,44839000000
VNM,HOSE,30/12/2019,,81276,81414,80379,80379,672140,78650000000
VNM,HOSE,31/12/2019,,82104,82104,80310,80379,387640,45364000000
VNM,HOSE,02/01/2020,,80724,81552,80379,81345,352700,41454000000
VNM,HOSE,03/01/2020,,81552,82104,81552,81621,625390,74205000000
VNM,HOSE,06/01/2020,,81414,81552,80586,81000,495910,58330000000
VNM,HOSE,07/01/2020,,81069,81966,81069,81759,459520,54338000000
VNM,HOSE,08/01/2020,,81759,81966,81069,81966,837710,98974000000
VNM,HOSE,09/01/2020,,82104,82449,81690,81828,624130,74282000000
VNM,HOSE,10/01/2020,,81828,82242,81690,82035,596280,70871000000
VNM,HOSE,13/01/2020,,82104,82104,81000,81000,412880,48846000000
VNM,HOSE,14/01/2020,,81000,81483,80793,81276,335180,39470000000
VNM,HOSE,15/01/2020,,81276,81345,80862,81276,681740,80201000000
VNM,HOSE,16/01/2020,,81276,81759,80862,81552,545090,64249000000
VNM,HOSE,17/01/2020,,81552,81828,81276,81828,375030,44397000000
VNM,HOSE,20/01/2020,,82104,82242,81690,82104,493600,58659000000
VNM,HOSE,21/01/2020,,82104,84105,81828,83484,853940,102546000000
VNM,HOSE,22/01/2020,,83484,84105,83484,83691,794440,96467000000
VNM,HOSE,30/01/2020,,82104,82656,80172,80448,1533720,180449000000
VNM,HOSE,31/01/2020,,80310,80448,74859,74859,1915820,214456000000
VNM,HOSE,03/02/2020,,70030,76239,69685,74721,2289150,238775000000
VNM,HOSE,04/02/2020,,75825,75894,71824,72444,1869040,199225000000
VNM,HOSE,05/02/2020,,73410,74307,71272,73548,1545750,162621000000
VNM,HOSE,06/02/2020,,73134,74928,73065,74169,2137020,229326000000
VNM,HOSE,07/02/2020,,74307,76239,74238,76101,1523380,166320000000
VNM,HOSE,10/02/2020,,75204,75480,74031,75204,910510,98737000000
VNM,HOSE,11/02/2020,,75204,75204,73824,74100,847720,91442000000
VNM,HOSE,12/02/2020,,74514,74514,73962,73962,838170,90247000000
VNM,HOSE,13/02/2020,,73962,74169,73548,73755,713560,76289000000
VNM,HOSE,14/02/2020,,73962,74100,73548,73548,708080,75713000000
VNM,HOSE,17/02/2020,,73686,74238,73686,74169,623350,66886000000
VNM,HOSE,18/02/2020,,74376,74376,72651,72789,1078500,114716000000
VNM,HOSE,19/02/2020,,72444,73617,72444,73410,794470,84163000000
VNM,HOSE,20/02/2020,,73824,74169,73341,73410,624620,66728000000
VNM,HOSE,21/02/2020,,74169,75480,74169,74859,1484500,161261000000
VNM,HOSE,24/02/2020,,73824,74376,73134,73410,954600,101597000000
VNM,HOSE,25/02/2020,,73341,74859,73134,74514,1200220,129064000000
VNM,HOSE,26/02/2020,,73617,73617,72444,72444,1346630,142651000000
VNM,HOSE,27/02/2020,,72444,74100,71617,74100,863890,91210000000
VNM,HOSE,28/02/2020,,72651,73203,71065,72100,1437350,150327000000
VNM,HOSE,02/03/2020,,72100,72789,71617,72100,909240,95344000000
VNM,HOSE,03/03/2020,,72789,73272,72169,72651,741380,78076000000
VNM,HOSE,04/03/2020,,72651,73134,72100,72306,612800,64409000000
VNM,HOSE,05/03/2020,,72444,73065,72100,72100,438020,46000000000
VNM,HOSE,06/03/2020,,72100,72306,71479,71893,664920,69141000000
VNM,HOSE,09/03/2020,,68995,70720,66925,66925,2356790,234567000000
VNM,HOSE,10/03/2020,,66235,70237,66235,70168,1761300,175920000000
VNM,HOSE,11/03/2020,,70375,72444,68443,70099,2292410,234634000000
VNM,HOSE,12/03/2020,,67063,70030,66925,69685,2431600,238915000000
VNM,HOSE,13/03/2020,,65683,69409,65683,68374,2159130,211697000000
VNM,HOSE,16/03/2020,,68374,68443,66580,66925,1087080,106201000000
VNM,HOSE,17/03/2020,,66235,66511,65545,66235,1788240,170869000000
VNM,HOSE,18/03/2020,,66373,67477,65545,65545,1322150,126638000000
VNM,HOSE,19/03/2020,,64165,64855,61405,61405,2774560,251634000000
VNM,HOSE,20/03/2020,,61405,62992,61405,62095,2316660,209158000000
VNM,HOSE,23/03/2020,,61474,61474,57749,57749,2187710,185436000000
VNM,HOSE,24/03/2020,,57749,60922,57749,60439,1572750,135401000000
VNM,HOSE,25/03/2020,,62509,63544,62164,63475,2993020,273508000000
VNM,HOSE,26/03/2020,,63682,65545,61267,64855,2556450,239419000000
VNM,HOSE,27/03/2020,,64165,65752,63475,64924,2755950,258916000000
VNM,HOSE,30/03/2020,,62095,63820,61405,62923,1559900,142072000000
VNM,HOSE,31/03/2020,,63820,64441,62095,62785,1293290,118614000000
VNM,HOSE,01/04/2020,,62785,64855,62785,64855,1155730,107658000000
VNM,HOSE,03/04/2020,,65200,65890,64855,65545,1934430,183340000000
VNM,HOSE,06/04/2020,,66580,66649,65545,66373,1840550,176333000000
VNM,HOSE,07/04/2020,,66580,68305,66097,67960,2273090,220531000000
VNM,HOSE,08/04/2020,,67615,68305,66580,68305,904920,88545000000
VNM,HOSE,09/04/2020,,68926,69616,68443,69133,1120840,112482000000
VNM,HOSE,10/04/2020,,68995,68995,67684,68719,1111470,110564000000
VNM,HOSE,13/04/2020,,68719,68857,67822,68374,1127670,111879000000
VNM,HOSE,14/04/2020,,68650,68788,68098,68305,1059560,105067000000
VNM,HOSE,15/04/2020,,68788,68788,68443,68443,886130,88170000000
VNM,HOSE,16/04/2020,,68512,68650,68236,68512,1155660,114598000000
VNM,HOSE,17/04/2020,,68995,69064,68305,68512,1767310,175344000000
VNM,HOSE,20/04/2020,,68995,69823,68995,68995,1471680,147629000000
VNM,HOSE,21/04/2020,,68995,68995,66097,66787,2129360,208014000000
VNM,HOSE,22/04/2020,,66304,67339,66097,67270,1085950,105091000000
VNM,HOSE,23/04/2020,,68029,68029,66166,66304,1443180,139640000000
VNM,HOSE,24/04/2020,,68512,70927,67270,70927,3624460,365609000000
VNM,HOSE,27/04/2020,,73479,73479,71134,70927,1854360,193880000000
VNM,HOSE,28/04/2020,,70927,71065,68788,69340,1401520,141434000000
VNM,HOSE,29/04/2020,,68650,68926,68305,68305,1769090,175489000000
VNM,HOSE,04/05/2020,,66925,68305,66925,67339,1235970,120837000000
VNM,HOSE,05/05/2020,,68167,69616,67615,69133,1163800,116079000000
VNM,HOSE,06/05/2020,,69478,70030,68788,70030,1105020,111373000000
VNM,HOSE,07/05/2020,,70099,71617,70030,71341,1583260,161993000000
VNM,HOSE,08/05/2020,,72100,74238,71755,72444,3184170,335582000000
VNM,HOSE,11/05/2020,,72444,74859,72238,74859,1792200,191371000000
VNM,HOSE,12/05/2020,,74859,78930,74100,78585,2870970,317542000000
VNM,HOSE,13/05/2020,,78102,79344,75894,78447,2507730,283230000000
VNM,HOSE,14/05/2020,,77688,78585,77619,77964,1397750,158319000000
VNM,HOSE,15/05/2020,,77964,78309,75480,76446,2320230,257901000000
VNM,HOSE,18/05/2020,,76446,77136,75204,76653,898370,99620000000
VNM,HOSE,19/05/2020,,78516,78930,77481,77688,1432400,162432000000
VNM,HOSE,20/05/2020,,77619,78930,77619,78654,1199680,136405000000
VNM,HOSE,21/05/2020,,78654,79344,78309,79344,1582090,181155000000
VNM,HOSE,22/05/2020,,78930,79206,78309,78930,1083060,123900000000
VNM,HOSE,25/05/2020,,78999,81138,78723,81138,1581860,183791000000
VNM,HOSE,26/05/2020,,81414,81414,79482,81138,983170,115281000000
VNM,HOSE,27/05/2020,,81207,81276,79344,79344,1108350,128723000000
VNM,HOSE,28/05/2020,,79344,80034,79206,79206,1004500,115718000000
VNM,HOSE,29/05/2020,,78309,79482,78309,79344,1203680,137866000000
VNM,HOSE,01/06/2020,,79413,80724,79413,80103,1047020,121805000000
VNM,HOSE,02/06/2020,,80103,80724,79827,80034,891910,103830000000
VNM,HOSE,03/06/2020,,80172,81483,79758,80448,1322080,154146000000
VNM,HOSE,04/06/2020,,80724,81345,80724,81276,735420,86592000000
VNM,HOSE,05/06/2020,,81276,82242,80517,82242,1076470,127535000000
VNM,HOSE,08/06/2020,,82242,85140,82173,84726,1357520,165695000000
VNM,HOSE,09/06/2020,,84933,86933,84933,85553,1704320,213016000000
VNM,HOSE,10/06/2020,,86933,86933,84726,84864,1242180,154544000000
VNM,HOSE,11/06/2020,,84864,86243,83484,84381,1098260,135498000000
VNM,HOSE,12/06/2020,,81414,82656,79068,81414,2394330,281000000000
VNM,HOSE,15/06/2020,,82794,83415,77274,77274,2058870,237319000000
VNM,HOSE,16/06/2020,,79068,81069,78654,80724,844740,97867000000
VNM,HOSE,17/06/2020,,80724,80862,79620,79758,513570,59567000000
VNM,HOSE,18/06/2020,,79758,80448,78723,79482,523160,60380000000
VNM,HOSE,19/06/2020,,79482,80379,79344,79344,1251600,144205000000
VNM,HOSE,22/06/2020,,79344,79965,79206,79620,867620,100018000000
VNM,HOSE,23/06/2020,,80034,80310,79758,80034,1063470,123379000000
VNM,HOSE,24/06/2020,,80310,81690,80310,80793,750960,88209000000
VNM,HOSE,25/06/2020,,80379,80379,79551,80310,572770,66317000000
VNM,HOSE,26/06/2020,,80448,80793,79620,79965,495750,57484000000
VNM,HOSE,29/06/2020,,79682,79892,76956,78214,1519040,169875000000
VNM,HOSE,30/06/2020,,78983,79332,78214,78773,797960,89856000000
VNM,HOSE,01/07/2020,,78773,80381,78284,80171,450020,51162000000
VNM,HOSE,02/07/2020,,80241,80311,78983,78983,720480,81843000000
VNM,HOSE,03/07/2020,,78983,79822,78843,79752,729290,83114000000
VNM,HOSE,06/07/2020,,80031,81499,79892,81429,1319980,152238000000
VNM,HOSE,07/07/2020,,81429,81849,81080,81080,1024960,119352000000
VNM,HOSE,08/07/2020,,81080,81080,80730,80730,551310,63806000000
VNM,HOSE,09/07/2020,,80730,81569,80730,81010,1560410,181141000000
VNM,HOSE,10/07/2020,,81080,81359,80591,80591,677180,78417000000
VNM,HOSE,13/07/2020,,80591,80940,79892,80101,943850,108753000000
VNM,HOSE,14/07/2020,,79822,80521,79612,80521,731170,83578000000
VNM,HOSE,15/07/2020,,81080,81779,81080,81080,1015000,118209000000
VNM,HOSE,16/07/2020,,81569,82128,81220,82128,1112460,129985000000
VNM,HOSE,17/07/2020,,81569,82058,81429,81639,583510,68151000000
VNM,HOSE,20/07/2020,,81080,81569,80730,80870,474700,55014000000
VNM,HOSE,21/07/2020,,80870,81290,80101,81080,1618780,186371000000
VNM,HOSE,22/07/2020,,80660,81080,79752,79682,1051320,120856000000
VNM,HOSE,23/07/2020,,79822,80101,79332,79822,766500,87360000000
VNM,HOSE,24/07/2020,,79822,79822,76187,77655,2313270,258563000000
VNM,HOSE,27/07/2020,,74859,75209,72273,72273,2553780,268431000000
VNM,HOSE,28/07/2020,,72692,76816,72692,76816,1390810,148379000000
VNM,HOSE,29/07/2020,,75838,76117,73741,74090,1497450,159396000000
VNM,HOSE,30/07/2020,,75488,76537,74649,76187,1028620,111610000000
VNM,HOSE,31/07/2020,,74789,76327,74440,74789,839830,90615000000
VNM,HOSE,03/08/2020,,75488,76886,75278,76327,860190,93750000000
VNM,HOSE,04/08/2020,,77585,77795,76816,77795,765170,84511000000
VNM,HOSE,05/08/2020,,77934,79402,76886,78354,888080,99639000000
VNM,HOSE,06/08/2020,,78424,81080,78354,80241,1360570,155376000000
VNM,HOSE,07/08/2020,,80381,81080,80241,80730,1056650,121930000000
VNM,HOSE,10/08/2020,,81080,81429,80031,80031,1412680,162996000000
VNM,HOSE,11/08/2020,,80311,80381,79682,80031,852250,97573000000
VNM,HOSE,12/08/2020,,80031,81010,80031,80800,1451960,167787000000
VNM,HOSE,13/08/2020,,81080,81499,81010,81359,1238980,143911000000
VNM,HOSE,14/08/2020,,81499,82478,81220,81569,1623690,190471000000
VNM,HOSE,17/08/2020,,81779,82408,80591,81779,906890,105714000000
VNM,HOSE,18/08/2020,,81779,82058,80800,80800,604570,70296000000
VNM,HOSE,19/08/2020,,81080,81080,80311,80591,981840,113403000000
VNM,HOSE,20/08/2020,,80591,80940,80101,80521,1254280,144502000000
VNM,HOSE,21/08/2020,,80730,81080,80451,80800,884990,102208000000
VNM,HOSE,24/08/2020,,81429,82198,81080,81359,1526860,178124000000
VNM,HOSE,25/08/2020,,81779,82408,81639,81988,1693030,198586000000
VNM,HOSE,26/08/2020,,82478,82618,81709,81849,1922780,226368000000
VNM,HOSE,27/08/2020,,82128,82408,81779,81919,799570,93845000000
VNM,HOSE,28/08/2020,,82338,83876,81919,83386,1341270,159041000000
VNM,HOSE,31/08/2020,,84085,84575,83526,84575,1634090,196628000000
VNM,HOSE,01/09/2020,,84575,86112,84015,86112,1448060,177413000000
VNM,HOSE,03/09/2020,,86322,87231,86322,87161,2016680,250258000000
VNM,HOSE,04/09/2020,,86462,87371,86042,87371,1711980,212797000000
VNM,HOSE,07/09/2020,,87371,89747,87301,88069,2178380,276075000000
VNM,HOSE,08/09/2020,,88000,89048,86602,86811,1809570,226193000000
VNM,HOSE,09/09/2020,,85623,86602,84924,86532,1621920,199267000000
VNM,HOSE,10/09/2020,,87371,87650,86951,87161,848330,105908000000
VNM,HOSE,11/09/2020,,86811,87161,86322,86532,956670,118576000000
VNM,HOSE,14/09/2020,,86951,87371,86672,86811,1194170,148728000000
VNM,HOSE,15/09/2020,,86811,87301,86672,87231,882030,109658000000
VNM,HOSE,16/09/2020,,87371,87371,86602,86811,724510,90045000000
VNM,HOSE,17/09/2020,,86672,87930,86672,87021,1376570,171718000000
VNM,HOSE,18/09/2020,,87091,88349,86811,88349,1224030,153548000000
VNM,HOSE,21/09/2020,,88349,91005,88349,90935,2614310,336735000000
VNM,HOSE,22/09/2020,,90935,91005,89817,90586,1244610,161496000000
VNM,HOSE,23/09/2020,,90795,91005,90236,90306,1042800,135100000000
VNM,HOSE,24/09/2020,,89607,90096,88978,88978,1506610,193026000000
VNM,HOSE,25/09/2020,,89328,89467,89118,89258,1011140,129150000000
VNM,HOSE,28/09/2020,,89467,89887,88978,89677,2169790,277502000000
VNM,HOSE,29/09/2020,,93729,95945,92025,93048,5191680,571145000000
VNM,HOSE,30/09/2020,,93729,94922,92451,92792,1432380,156531000000
VNM,HOSE,01/10/2020,,92877,93218,91940,93133,1702500,184951000000
VNM,HOSE,02/10/2020,,93303,93814,90917,92025,2864220,311035000000
VNM,HOSE,05/10/2020,,92025,92877,91173,91429,1427600,153665000000
VNM,HOSE,06/10/2020,,91429,92025,90747,91173,2044710,218851000000
VNM,HOSE,07/10/2020,,91003,92025,90747,92025,2153700,230731000000
VNM,HOSE,08/10/2020,,91940,91940,91003,91088,1325810,142214000000
VNM,HOSE,09/10/2020,,91173,91258,90832,90917,980970,104688000000
VNM,HOSE,12/10/2020,,91003,91855,90832,91173,1209250,129413000000
VNM,HOSE,13/10/2020,,91173,92025,91088,91258,858550,92142000000
VNM,HOSE,14/10/2020,,91258,91769,91003,91514,1299160,139138000000
VNM,HOSE,15/10/2020,,91855,91940,91173,91599,1854560,199077000000
VNM,HOSE,16/10/2020,,91599,92025,91088,91514,1637740,175900000000
VNM,HOSE,19/10/2020,,91514,92281,91514,91769,1617740,174588000000
VNM,HOSE,20/10/2020,,91429,91684,90321,90491,2150990,229127000000
VNM,HOSE,21/10/2020,,90747,91088,90321,90662,805550,85773000000
VNM,HOSE,22/10/2020,,91003,91003,89554,90917,2422540,256567000000
VNM,HOSE,23/10/2020,,91599,93729,91258,93729,2946790,319582000000
VNM,HOSE,26/10/2020,,94581,95859,93729,94155,2313520,258416000000
VNM,HOSE,27/10/2020,,93729,94581,92962,93388,1721090,189337000000
VNM,HOSE,28/10/2020,,92877,92877,90747,91514,2609180,281358000000
VNM,HOSE,29/10/2020,,90747,91343,89980,91088,1723240,183609000000
VNM,HOSE,30/10/2020,,91173,92025,89724,92025,2683620,285132000000
VNM,HOSE,02/11/2020,,91173,92025,91173,91684,867340,93269000000
VNM,HOSE,03/11/2020,,91684,92025,91173,91769,870230,93629000000
VNM,HOSE,04/11/2020,,92025,93218,91514,92025,1342780,145544000000
VNM,HOSE,05/11/2020,,92025,93218,92025,92621,1854370,202218000000
VNM,HOSE,06/11/2020,,93048,93218,92025,92707,1011020,110141000000
VNM,HOSE,09/11/2020,,92877,93218,92451,92707,1066640,116176000000
VNM,HOSE,10/11/2020,,92962,93048,91599,91599,2297200,248831000000
VNM,HOSE,11/11/2020,,91940,91940,90321,91599,2429710,259879000000
VNM,HOSE,12/11/2020,,91599,91599,90917,91173,1074590,114947000000
VNM,HOSE,13/11/2020,,91173,91514,91173,91514,1089500,116842000000
VNM,HOSE,16/11/2020,,91599,92621,91173,91258,2571160,277113000000
VNM,HOSE,17/11/2020,,91343,91769,91173,91684,1648330,176756000000
VNM,HOSE,18/11/2020,,92025,93303,91855,93218,3396750,369862000000
VNM,HOSE,19/11/2020,,93218,93474,92877,93474,3140680,343717000000
VNM,HOSE,20/11/2020,,93644,95007,92962,94496,2801420,308895000000
VNM,HOSE,23/11/2020,,94581,94837,93559,94240,2104330,232428000000
VNM,HOSE,24/11/2020,,94240,94496,92877,93388,1937130,212772000000
VNM,HOSE,25/11/2020,,93388,94581,92962,94155,2190900,241002000000
VNM,HOSE,26/11/2020,,94496,94496,93133,93644,1490270,163703000000
VNM,HOSE,27/11/2020,,93644,93644,92621,93559,2823860,308189000000
VNM,HOSE,30/11/2020,,93559,93729,92025,92195,2687040,292223000000
VNM,HOSE,01/12/2020,,91429,93559,91343,93474,2493230,271148000000
VNM,HOSE,02/12/2020,,93388,93559,92621,92877,1332460,145713000000
VNM,HOSE,03/12/2020,,92877,93644,92707,93303,1108730,121346000000
VNM,HOSE,04/12/2020,,93303,93474,92707,92877,1571130,171496864000.0010
VNM,HOSE,07/12/2020,,92877,94496,92707,93729,1970400,216319281000.0010
VNM,HOSE,08/12/2020,,93814,93985,92877,93048,1468350,160713521000
VNM,HOSE,09/12/2020,,93729,93814,93133,93474,1701940,186768800000.0020
VNM,HOSE,10/12/2020,,93985,97052,93985,95433,6077770,682070360000
VNM,HOSE,11/12/2020,,95433,96115,95263,95945,2297940,258024663000.0010
VNM,HOSE,14/12/2020,,96115,96626,95774,96626,2535300,286348720999.9990
VNM,HOSE,15/12/2020,,96285,96541,94411,94752,4572910,511505207999.9970
VNM,HOSE,16/12/2020,,94752,95689,94326,95093,2106480,234599475000
VNM,HOSE,17/12/2020,,94581,94581,93985,94070,2951870,326521206000
VNM,HOSE,18/12/2020,,94155,94581,93729,94070,3342900,369089024000.0020
VNM,HOSE,21/12/2020,,94070,94922,93900,94581,2341080,259059132000.0010
VNM,HOSE,22/12/2020,,94496,94496,93559,93644,2266760,249664610000
VNM,HOSE,23/12/2020,,93644,94922,93644,93900,2432590,268594619000
VNM,HOSE,24/12/2020,,93900,94155,92025,92621,2511360,273448796999.9970
VNM,HOSE,25/12/2020,,92707,92962,92110,92877,1755510,190807793000.0010
VNM,HOSE,28/12/2020,,92962,93474,92281,92621,2305300,250936832000
VNM,HOSE,29/12/2020,,92877,93218,92536,93048,1299700,141674565000
VNM,HOSE,30/12/2020,,93048,93900,92536,92707,1856600,203488204000.0010
VNM,HOSE,31/12/2020,,92877,93644,92707,92707,993810,108515934000
VNM,HOSE,04/01/2021,,93474,93559,92877,93133,2299600,251373770000.0020
VNM,HOSE,05/01/2021,,93644,96310,93214,95278,4013900,441565709999.9970
VNM,HOSE,06/01/2021,,95450,95708,94418,94418,2823100,312927040000.0030
VNM,HOSE,07/01/2021,,94590,95278,94418,94934,2453000,270551829999.9990
VNM,HOSE,08/01/2021,,95880,97084,95364,96310,3323000,372429360000.0010
VNM,HOSE,11/01/2021,,96740,99749,96740,99663,4603900,528029090000
VNM,HOSE,12/01/2021,,100179,100351,99233,100007,2344900,272628170000
VNM,HOSE,13/01/2021,,100007,100781,98202,98460,2521600,292451869999.9990
VNM,HOSE,14/01/2021,,98374,98374,96826,97256,3680400,416962049999.9980
VNM,HOSE,15/01/2021,,97600,99147,97256,97944,2125700,241574120000.0010
VNM,HOSE,18/01/2021,,98202,98975,97428,97428,2624000,300386200000.0010
VNM,HOSE,19/01/2021,,97428,97428,92010,92612,3668300,404306499999.9990
VNM,HOSE,20/01/2021,,93558,94160,91150,93730,3363700,363793570000.0010
VNM,HOSE,21/01/2021,,94504,95192,93558,94848,2531200,277715699999.9990
VNM,HOSE,22/01/2021,,94762,95278,93472,93472,2429000,265849440000.0030
VNM,HOSE,25/01/2021,,93644,94332,92870,93042,2554800,277593599999.9980
VNM,HOSE,26/01/2021,,92956,93300,90290,91752,2596900,277151840000.0010
VNM,HOSE,27/01/2021,,91150,91838,88141,88829,3153800,330349600000
VNM,HOSE,28/01/2021,,85991,87625,82637,82637,4565600,447002819999.9740
VNM,HOSE,29/01/2021,,82551,88399,82551,88399,4140500,414773250000.0080
VNM,HOSE,01/02/2021,,88571,90462,87711,88313,2934800,304491000000
VNM,HOSE,02/02/2021,,87969,92010,87969,91494,3350900,352869640000.0010
VNM,HOSE,03/02/2021,,91494,94332,91494,94332,3056500,331056400000.0010
VNM,HOSE,04/02/2021,,94332,94332,92010,93558,1896800,205479689999.9990
VNM,HOSE,05/02/2021,,93386,94590,93386,94246,2231200,244159610000
VNM,HOSE,08/02/2021,,94246,94246,89259,90548,4331600,458402470000.0010
VNM,HOSE,09/02/2021,,90548,93644,90204,92870,1931700,206508059999.9990
VNM,HOSE,17/02/2021,,92870,93644,92268,93472,2872300,309775149999.9980
VNM,HOSE,18/02/2021,,93472,93730,92440,93730,2847400,308179799999.9980
VNM,HOSE,19/02/2021,,92698,93128,92096,92870,2696500,290565059999.9950
VNM,HOSE,22/02/2021,,92354,92698,92268,92440,3006200,323342619999.9960
VNM,HOSE,23/02/2021,,92440,92870,91322,92010,3048400,325550390000.0050
VNM,HOSE,24/02/2021,,92010,92784,90720,90978,2801000,298508359999.9970
VNM,HOSE,25/02/2021,,91064,91408,89602,89946,4282900,450624480000
VNM,HOSE,26/02/2021,,89087,90204,88915,90118,3357800,348681969999.9970
VNM,HOSE,01/03/2021,,90720,91064,90290,90806,2179000,229688919999.9980
VNM,HOSE,02/03/2021,,91322,91580,89431,90204,3050100,321410790000.0010
VNM,HOSE,03/03/2021,,90118,90204,89431,89860,2551300,265987610000.0020
VNM,HOSE,04/03/2021,,90462,90720,88571,88915,2755100,286985249999.9960
VNM,HOSE,05/03/2021,,88657,88657,87453,88571,4187600,427967949999.9970
VNM,HOSE,08/03/2021,,88915,89087,87453,87883,3208200,328432410000.0080
VNM,HOSE,09/03/2021,,86937,87281,86163,86421,4141900,416623229999.9960
VNM,HOSE,10/03/2021,,86421,88141,85819,86937,3391300,341552089999.9980
VNM,HOSE,11/03/2021,,88141,89259,87797,88399,2417000,248350080000
VNM,HOSE,12/03/2021,,88571,88829,87453,87883,2704600,277920369999.9970
VNM,HOSE,15/03/2021,,88399,88571,87797,87883,2379400,243602250000.0020
VNM,HOSE,16/03/2021,,87883,87969,86077,86851,4121100,416238429999.9980
VNM,HOSE,17/03/2021,,86851,86851,86077,86421,3568400,358303199999.9980
VNM,HOSE,18/03/2021,,86851,88141,86851,88141,2553400,259839310000
VNM,HOSE,19/03/2021,,87883,87883,87195,87453,2339400,238131870000
VNM,HOSE,22/03/2021,,87453,87539,86507,86679,3416300,345499460000.0010
VNM,HOSE,23/03/2021,,86507,86593,85733,86163,4554300,456124939999.99
VNM,HOSE,24/03/2021,,85647,85991,84701,84873,3192200,317074220000.0030
VNM,HOSE,25/03/2021,,85131,85733,84529,84701,3152700,311444009999.9910
VNM,HOSE,26/03/2021,,84271,84701,83067,83755,3653700,356458480000.0010
VNM,HOSE,29/03/2021,,84357,85905,84099,85131,2790300,276007580000.0030
VNM,HOSE,30/03/2021,,85647,86077,84787,85303,2590400,257453010000.0020
VNM,HOSE,31/03/2021,,85217,85217,84271,84615,2815600,277637329999.9910
VNM,HOSE,01/04/2021,,84701,86851,84271,86851,5594000,559695580000.0060
VNM,HOSE,02/04/2021,,88141,89431,87797,88313,3840000,396129079999.9990
VNM,HOSE,05/04/2021,,89860,89860,87883,88227,2822700,291640050000
VNM,HOSE,06/04/2021,,88227,88313,86679,87281,3452600,351001329999.9980
VNM,HOSE,07/04/2021,,86851,86851,85991,86077,3503700,351975470000.0040
VNM,HOSE,08/04/2021,,86335,86421,85475,85905,3603800,359847000000
VNM,HOSE,09/04/2021,,85905,85991,85303,85819,2716700,270607680000.0010
VNM,HOSE,12/04/2021,,85991,86249,85561,85991,3632400,362848889999.9940
VNM,HOSE,13/04/2021,,86679,87453,85733,85991,3799100,382268540000.0030
VNM,HOSE,14/04/2021,,85991,85991,85045,85389,3498500,347217359999.9940
VNM,HOSE,15/04/2021,,85647,86421,85045,85217,3549400,353260250000
VNM,HOSE,16/04/2021,,85647,84873,82895,83325,4876400,475594019999.9950
VNM,HOSE,19/04/2021,,83325,83841,81777,82637,5722900,548788729999.99
VNM,HOSE,20/04/2021,,83411,86851,83325,85389,6987200,689798219999.9930
VNM,HOSE,22/04/2021,,85389,85561,83411,84271,3166300,311349619999.9980
VNM,HOSE,23/04/2021,,84271,85905,83239,85561,3556800,348813909999.9960
VNM,HOSE,26/04/2021,,83411,85131,82551,82551,5045600,489641180000.0030
VNM,HOSE,27/04/2021,,82551,82981,81691,82293,3149400,300717999999.9990
VNM,HOSE,28/04/2021,,82293,82379,80401,80573,5027100,475383249999.9920
VNM,HOSE,29/04/2021,,80573,81003,78682,80401,6499700,602327849999.9820
VNM,HOSE,04/05/2021,,79972,79972,78682,78768,4112800,377991709999.9920
VNM,HOSE,05/05/2021,,78768,79972,78768,79112,3792300,349764619999.9970
VNM,HOSE,06/05/2021,,79112,79112,77048,77048,7448600,674160149999.9920
VNM,HOSE,07/05/2021,,76532,76704,74640,74812,6744500,590778109999.9950
VNM,HOSE,10/05/2021,,76532,79972,74038,79972,8176900,746085960000.0420
VNM,HOSE,11/05/2021,,80401,81261,78424,78424,4197000,389794519999.9870
VNM,HOSE,12/05/2021,,77478,79284,77392,78940,3199300,290343869999.9990
VNM,HOSE,13/05/2021,,78252,78854,77822,77822,3118400,283254779999.9970
VNM,HOSE,14/05/2021,,78338,78424,76962,76962,4391200,395616649999.9870
VNM,HOSE,17/05/2021,,76962,77392,74984,74984,5001300,440526020000
VNM,HOSE,18/05/2021,,75242,75672,74640,74812,2970100,259026550000.0070
VNM,HOSE,19/05/2021,,75500,76532,74898,75242,3526100,309865280000.0010
VNM,HOSE,20/05/2021,,75586,75758,74812,75672,2800500,245139000000
VNM,HOSE,21/05/2021,,75586,78080,74898,76704,3942800,349959429999.9940
VNM,HOSE,24/05/2021,,77392,79026,76962,78424,4349800,394951700000.0010
VNM,HOSE,25/05/2021,,78424,78424,77392,77822,2791200,252733579999.9950
VNM,HOSE,26/05/2021,,77392,79026,76790,78252,3773300,340797649999.9920
VNM,HOSE,27/05/2021,,78596,78768,77392,77822,2924300,266154000000
VNM,HOSE,28/05/2021,,78252,78854,77736,78338,3122200,284139720000.0020
VNM,HOSE,31/05/2021,,78940,79112,77564,77822,3095900,281096869999.9970
VNM,HOSE,01/06/2021,,77822,77994,77306,77306,2339900,211250499999.9990
VNM,HOSE,02/06/2021,,77048,77048,76532,76876,3672400,327745240000.0020
VNM,HOSE,03/06/2021,,77392,78080,77220,77564,3629000,327423410000
VNM,HOSE,04/06/2021,,77650,78252,76618,76962,4564400,410259790000
VNM,HOSE,07/06/2021,,77920,78007,76614,77833,3736600,332195989999.9980
VNM,HOSE,08/06/2021,,77920,79487,77833,78094,5477700,495416739999.9860
VNM,HOSE,09/06/2021,,78181,78443,77311,77572,3013500,269276040000.0060
VNM,HOSE,10/06/2021,,77833,81490,77137,80271,5619300,510215120000.0120
VNM,HOSE,11/06/2021,,80271,80532,79400,80097,2940400,270104650000.0020
VNM,HOSE,14/06/2021,,80532,81403,79661,80532,4875100,451636769999.9890
VNM,HOSE,15/06/2021,,80619,81142,80184,80880,4534800,420892909999.9880
VNM,HOSE,16/06/2021,,80706,80967,79487,79923,3041200,280208420000.0020
VNM,HOSE,17/06/2021,,79226,80271,79052,79226,2388800,218207530000.0010
VNM,HOSE,18/06/2021,,79574,80706,79574,80184,2971800,273799260000.0010
VNM,HOSE,21/06/2021,,80097,80184,78878,78878,4193600,382992900000.0050
VNM,HOSE,22/06/2021,,79226,79661,78878,78878,2242800,204047979999.9990
VNM,HOSE,23/06/2021,,78878,79052,78094,78356,3357300,302575279999.9970
VNM,HOSE,24/06/2021,,78268,78530,76876,77224,4225000,376218859999.9980
VNM,HOSE,25/06/2021,,77224,78268,77224,78094,2079300,185442240000
VNM,HOSE,28/06/2021,,78356,78530,77485,77659,1847900,165396000000
VNM,HOSE,29/06/2021,,78181,79836,77485,79226,4368100,396141549999.9990
VNM,HOSE,30/06/2021,,79226,79313,78530,78704,2115600,191684810000
VNM,HOSE,01/07/2021,,78878,79487,78704,79139,3811500,346373269999.9960
VNM,HOSE,02/07/2021,,79226,79226,78443,78443,2750900,249058859999.9980
VNM,HOSE,05/07/2021,,78443,78704,77137,77659,2931000,261803690000.0040
VNM,HOSE,06/07/2021,,77833,78181,75744,75744,4706900,416400450000.0020
VNM,HOSE,07/07/2021,,75744,78181,75395,78181,4738700,416531400000.0040
VNM,HOSE,08/07/2021,,76788,77833,76614,76963,1908900,168919660000.0010
VNM,HOSE,09/07/2021,,76876,76963,75657,75744,3058100,267524120000.0030
VNM,HOSE,12/07/2021,,76179,76614,73393,75134,4833100,417117439999.9990
VNM,HOSE,13/07/2021,,74960,75308,73306,73393,2883300,245046150000
VNM,HOSE,14/07/2021,,74002,74612,73393,74002,4180200,354773580000.0030
VNM,HOSE,15/07/2021,,74002,75134,73567,74177,3284100,280079859999.9990
VNM,HOSE,16/07/2021,,74438,75047,74264,74786,1449600,124503890000
VNM,HOSE,19/07/2021,,73480,74002,73132,74002,4111700,347508170000.0010
VNM,HOSE,20/07/2021,,74002,74873,73393,74786,3207300,272311330000.0010
VNM,HOSE,21/07/2021,,74351,74786,74177,74264,1696200,144953549999.9990
VNM,HOSE,22/07/2021,,74438,75831,74264,75570,2152400,185895160000.0010
VNM,HOSE,23/07/2021,,75570,78181,74960,76266,4126700,360746120000.0010
VNM,HOSE,26/07/2021,,76614,77659,76527,77398,2791500,247710560000.0020
VNM,HOSE,27/07/2021,,77398,77920,76179,76179,2388200,211236989999.9990
VNM,HOSE,28/07/2021,,75831,76092,75395,75657,1665500,144795510000
VNM,HOSE,29/07/2021,,75744,76353,74873,75570,2648300,229591389999.9970
VNM,HOSE,30/07/2021,,75570,75918,74786,74960,4405200,379894760000.0010
VNM,HOSE,02/08/2021,,75047,75657,74873,75308,2574300,222423000000
VNM,HOSE,03/08/2021,,75395,76179,75395,75831,2714600,236718100000.0040
VNM,HOSE,04/08/2021,,76179,76179,75744,75831,2873000,250513350000.0030
VNM,HOSE,05/08/2021,,75657,75831,75395,75395,2833600,245903120000.0010
VNM,HOSE,06/08/2021,,75657,76963,75395,75918,3960600,346050729999.9990
VNM,HOSE,09/08/2021,,75918,76527,75744,76353,2731300,238491990000.0010
VNM,HOSE,10/08/2021,,76614,78356,76614,77833,5965600,532316220000.01
VNM,HOSE,11/08/2021,,78268,79574,78181,79139,5330400,484605879999.9880
VNM,HOSE,12/08/2021,,79052,79661,78617,78791,4287800,389068120000.0010
VNM,HOSE,13/08/2021,,78704,78791,77659,78268,4105500,369258730000
VNM,HOSE,16/08/2021,,78268,78878,77485,77920,3270800,292892380000.0040
VNM,HOSE,17/08/2021,,78007,78443,77572,77746,2202200,196798409999.9990
VNM,HOSE,18/08/2021,,77920,79139,77833,78356,4710100,424859890000
VNM,HOSE,19/08/2021,,78791,78791,78181,78617,3061300,275967449999.9990
VNM,HOSE,20/08/2021,,78617,78617,75744,76440,4326800,384689280000
VNM,HOSE,23/08/2021,,76353,76440,74873,74873,4356500,378070850000.0020
VNM,HOSE,24/08/2021,,74960,75744,74612,75134,2375700,205056040000.0010
VNM,HOSE,25/08/2021,,75221,75831,74873,75657,1675500,144768010000.0010
VNM,HOSE,26/08/2021,,75657,76353,75483,75744,1896000,165453270000.0020
VNM,HOSE,27/08/2021,,76092,76179,75483,75744,2346900,204195570000.0020
VNM,HOSE,30/08/2021,,75831,76266,75744,76092,4306000,376259390000
VNM,HOSE,31/08/2021,,76179,76266,75831,76092,2957200,258169490000.0010
VNM,HOSE,01/09/2021,,76092,77311,75918,76701,3430100,302021219999.9980
VNM,HOSE,06/09/2021,,76876,77311,76788,76876,3212200,284132950000
VNM,HOSE,07/09/2021,,77762,77762,76434,76434,2622200,227670930000
VNM,HOSE,08/09/2021,,76434,76434,75548,75637,3682200,315011259999.9930
VNM,HOSE,09/09/2021,,75637,75725,75282,75459,2452400,209239149999.9970
VNM,HOSE,10/09/2021,,75459,77054,75282,76611,3962100,339950109999.9990
VNM,HOSE,13/09/2021,,76611,77408,76434,77231,2956200,257425790000.0040
VNM,HOSE,14/09/2021,,77231,77319,76699,77054,2482900,216071950000.0010
VNM,HOSE,15/09/2021,,76876,76876,76257,76257,2425000,209341499999.9980
VNM,HOSE,16/09/2021,,76611,76611,76079,76522,1825400,157247059999.9990
VNM,HOSE,17/09/2021,,76522,78294,76434,76611,5292600,461039719999.9980
VNM,HOSE,20/09/2021,,77585,78914,77319,78559,5447700,481035079999.9970
VNM,HOSE,21/09/2021,,77939,78736,77674,78648,3096300,273139130000
VNM,HOSE,22/09/2021,,78382,81216,78382,81039,10050100,911763799999.9950
VNM,HOSE,23/09/2021,,81039,81836,80065,80419,3941300,359831429999.9970
VNM,HOSE,24/09/2021,,80596,80951,80153,80331,2990000,271332349999.9990
VNM,HOSE,27/09/2021,,80242,80951,78648,78648,5053900,456000129999.9980
VNM,HOSE,28/09/2021,,78648,79622,77939,79091,3757200,333835160000
VNM,HOSE,29/09/2021,,79091,79799,78559,79356,2763400,246993220000.0010
VNM,HOSE,30/09/2021,,79622,80331,79356,79356,2799400,252167670000
VNM,HOSE,01/10/2021,,79091,80065,78914,79534,3805400,341339240000
VNM,HOSE,04/10/2021,,80153,80685,79799,79888,3060200,277275860000
VNM,HOSE,05/10/2021,,79976,79976,79356,79356,2268000,203710570000.0020
VNM,HOSE,06/10/2021,,79356,79799,79002,79091,2498500,223493599999.9970
VNM,HOSE,07/10/2021,,79091,79179,78648,78648,2981800,265273010000.0020
VNM,HOSE,08/10/2021,,78736,79711,78559,79356,2618600,233163760000
VNM,HOSE,11/10/2021,,79711,80065,79268,79711,2474800,222452030000
VNM,HOSE,12/10/2021,,80065,80862,79799,80065,3616300,327794230000.0030
VNM,HOSE,13/10/2021,,80596,80862,79711,79799,3793100,344357229999.9980
VNM,HOSE,14/10/2021,,79888,80153,79356,79711,2006400,180365750000.0010
VNM,HOSE,15/10/2021,,79711,80331,79356,79711,3206000,289307059999.9990
VNM,HOSE,18/10/2021,,79711,79799,79002,79534,2305800,206713490000.0030
VNM,HOSE,19/10/2021,,79534,80153,79534,79976,5984500,539331020000.0140
VNM,HOSE,20/10/2021,,80065,80242,78825,79711,3480500,313585509999.9990
VNM,HOSE,21/10/2021,,79711,79799,78914,78914,2936500,263558310000
VNM,HOSE,22/10/2021,,79268,80153,79002,80153,4487700,403931040000.0040
VNM,HOSE,25/10/2021,,80153,80242,79622,79799,2769500,249642999999.9990
VNM,HOSE,26/10/2021,,79711,79888,79179,79356,1641200,147275000000
VNM,HOSE,27/10/2021,,79711,80242,79445,80065,3549900,320245000000
VNM,HOSE,28/10/2021,,80153,81039,80153,80242,4093700,372449279999.9970
VNM,HOSE,29/10/2021,,80242,80596,79976,80331,3748500,339816400000.0010
VNM,HOSE,01/11/2021,,80419,80862,79534,79711,5083800,459808060000.0040
VNM,HOSE,02/11/2021,,79711,79711,78825,79002,4888900,436793829999.9960
VNM,HOSE,03/11/2021,,78914,79268,78116,78116,5547900,492935950000.0040
VNM,HOSE,04/11/2021,,78294,78559,78028,78294,2513000,221690220000.0040
VNM,HOSE,05/11/2021,,78471,79179,78382,79002,2654600,236590999999.9980
VNM,HOSE,08/11/2021,,79445,80685,79356,80419,6171800,558938000000
VNM,HOSE,09/11/2021,,80596,80685,79445,79534,3695000,333623000000
VNM,HOSE,10/11/2021,,79711,79799,79091,79445,2666100,239029910000.0030
VNM,HOSE,11/11/2021,,79534,80065,79091,79356,3380600,303471620000.0030
VNM,HOSE,12/11/2021,,79711,79799,78914,79091,2120400,189812119999.9990
VNM,HOSE,15/11/2021,,79268,79356,78825,78825,3268000,291486350000.0040
VNM,HOSE,16/11/2021,,78825,79091,78382,78471,3251700,288796459999.99
VNM,HOSE,17/11/2021,,78471,79356,78471,78648,2514400,223579520000.0010
VNM,HOSE,18/11/2021,,78648,78648,77939,77939,3900000,344551900000.0020
VNM,HOSE,19/11/2021,,77939,78294,76168,76257,5151200,448533580000.0030
VNM,HOSE,22/11/2021,,76168,76611,76079,76345,3497600,301215549999.9970
VNM,HOSE,23/11/2021,,76611,76788,76168,76434,2198800,189676140000.0020
VNM,HOSE,24/11/2021,,76611,77496,76611,77496,2124500,184965160000.0030
VNM,HOSE,25/11/2021,,77496,78116,77231,77496,2175400,190282210000.0010
VNM,HOSE,26/11/2021,,77585,78648,77496,78205,3015700,265658449999.9980
VNM,HOSE,29/11/2021,,77762,77851,77231,77496,2835900,248425619999.9990
VNM,HOSE,30/11/2021,,77585,78648,77585,77585,3177100,280137689999.9970
VNM,HOSE,01/12/2021,,77939,78471,77408,77496,1894500,166721410000
VNM,HOSE,02/12/2021,,77496,77939,77408,77408,1254100,109889349999.9990
VNM,HOSE,03/12/2021,,77585,77939,75991,75991,2900400,252068620000.0020
VNM,HOSE,06/12/2021,,76168,76699,75548,75548,3168200,272613389999.9970
VNM,HOSE,07/12/2021,,75991,76611,75637,76611,1530000,131326880000
VNM,HOSE,08/12/2021,,76434,76611,75902,76168,1294500,111386890000
VNM,HOSE,09/12/2021,,76079,77142,75902,77054,1449900,124937529999.9990
VNM,HOSE,10/12/2021,,76611,77054,75991,76434,1485000,128032400000.0010
VNM,HOSE,13/12/2021,,76434,76876,76168,76522,1495700,129292809999.9990
VNM,HOSE,14/12/2021,,76522,76965,76345,76434,1671200,144597500000
VNM,HOSE,15/12/2021,,76522,76788,76434,76434,1214100,104937129999.9990
VNM,HOSE,16/12/2021,,76434,76699,76168,76699,1610300,139097920000
VNM,HOSE,17/12/2021,,76699,76788,75902,75902,2660200,229048160000
VNM,HOSE,20/12/2021,,76168,76434,75814,75902,1807000,155130620000.0030
VNM,HOSE,21/12/2021,,75991,76168,75725,75725,1192900,102183260000
VNM,HOSE,22/12/2021,,75902,76345,75548,75637,1844400,157901910000.0010
VNM,HOSE,23/12/2021,,75637,75637,74839,75017,2147800,182430290000.0010
VNM,HOSE,24/12/2021,,75017,76168,75017,76168,1148400,98200530000.0007
VNM,HOSE,27/12/2021,,76168,76522,75902,76257,1138300,97926169999.9999
VNM,HOSE,28/12/2021,,76345,76345,75459,75725,1544400,132401450000
VNM,HOSE,29/12/2021,,75725,75814,75371,75459,945400,80583709999.9996
VNM,HOSE,30/12/2021,,75548,75814,75371,75548,893100,76247620000.0001
VNM,HOSE,31/12/2021,,75725,77496,75548,76522,2325100,200645750000.0010
VNM,HOSE,04/01/2022,,77231,77408,76788,76788,1885600,164233880000.0020
VNM,HOSE,05/01/2022,,76876,77054,76168,76345,3124600,270007139999.9980
VNM,HOSE,06/01/2022,,76257,76257,75548,75637,2848200,243863979999.9970
VNM,HOSE,07/01/2022,,75548,75814,75282,75459,2553900,217570470000.0020
VNM,HOSE,10/01/2022,,76357,76537,75187,75367,2146400,180895000000
VNM,HOSE,11/01/2022,,75277,75637,75187,75367,1829000,153165380000
VNM,HOSE,12/01/2022,,75457,75457,74466,74827,2183600,181459319999.9990
VNM,HOSE,13/01/2022,,75097,75367,74647,74827,1711600,142244840000.0010
VNM,HOSE,14/01/2022,,74827,76628,74466,76267,2516600,211928940000
VNM,HOSE,17/01/2022,,76537,76537,74647,74647,2100400,176028729999.9990
VNM,HOSE,18/01/2022,,74647,75187,74376,75097,2100400,174506739999.9990
VNM,HOSE,19/01/2022,,74647,75187,74466,75097,1764900,146683240000
VNM,HOSE,20/01/2022,,74737,75007,74647,74737,1488400,123627700000
VNM,HOSE,21/01/2022,,74737,75007,74286,74376,1576400,130599279999.9990
VNM,HOSE,24/01/2022,,74376,74466,72936,72936,2222200,181289729999.9980
VNM,HOSE,25/01/2022,,72485,72936,71225,71315,3758600,299544190000.0080
VNM,HOSE,26/01/2022,,71405,72485,71405,71765,1452100,115947510000.0010
VNM,HOSE,27/01/2022,,72125,75097,72125,74827,2039000,166692459999.9990
VNM,HOSE,28/01/2022,,74737,75817,74557,74827,2257400,188422920000
VNM,HOSE,07/02/2022,,74917,75637,74647,75187,1324200,110233920000.0010
VNM,HOSE,08/02/2022,,75097,75187,73836,73836,2708900,224252690000.0010
VNM,HOSE,09/02/2022,,73836,75367,73836,74557,1799300,149200099999.9990
VNM,HOSE,10/02/2022,,74557,75007,74106,74466,1612500,133394619999.9980
VNM,HOSE,11/02/2022,,74286,74376,73746,73836,1624600,133584840000.0010
VNM,HOSE,14/02/2022,,73386,73836,72936,73026,2971800,241633420000.0020
VNM,HOSE,15/02/2022,,73026,73386,72936,73116,1465300,119013640000
VNM,HOSE,16/02/2022,,73116,73206,72305,72395,2825100,227741849999.9980
VNM,HOSE,17/02/2022,,72485,73116,72395,72756,1787700,144301680000
VNM,HOSE,18/02/2022,,72125,72756,72125,72576,1808100,145421929999.9990
VNM,HOSE,21/02/2022,,72846,73476,72846,72936,1280600,103835190000
VNM,HOSE,22/02/2022,,72846,72936,71765,72035,3204500,257120900000.0010
VNM,HOSE,23/02/2022,,72035,72485,71855,72035,2200300,175984950000.0010
VNM,HOSE,24/02/2022,,72035,72035,70685,70775,2723500,215468319999.9920
VNM,HOSE,25/02/2022,,71135,71585,71045,71045,1347700,106538660000
VNM,HOSE,28/02/2022,,71045,71135,70054,70595,2258900,176706999999.9990
VNM,HOSE,01/03/2022,,70595,71495,70414,71315,1273100,100436970000
VNM,HOSE,02/03/2022,,71315,71315,70234,70685,2037100,160345539999.9990
VNM,HOSE,03/03/2022,,70865,71135,70414,70595,1486600,116838630000.0020
VNM,HOSE,04/03/2022,,70595,70595,70054,70144,2511600,195987809999.9970
VNM,HOSE,07/03/2022,,70144,70144,69064,69154,3530800,272044400000
VNM,HOSE,08/03/2022,,68704,68884,68434,68524,2383000,181674689999.9980
VNM,HOSE,09/03/2022,,68434,69154,67533,67623,3003700,227188469999.9960
VNM,HOSE,10/03/2022,,68434,70144,68434,69424,2971800,228130390000.0010
VNM,HOSE,11/03/2022,,69514,70685,69424,70234,2322900,181099859999.9990
VNM,HOSE,14/03/2022,,70234,70234,69244,69514,1654700,128018620000.0010
VNM,HOSE,15/03/2022,,69334,69784,68704,69514,1482600,114028590000.0010
VNM,HOSE,16/03/2022,,69514,70234,69334,69604,1850400,143290629999.9990
VNM,HOSE,17/03/2022,,69874,70054,68794,68794,1354400,104581250000.0010
VNM,HOSE,18/03/2022,,68974,69334,68434,68434,4233000,322561119999.9990
VNM,HOSE,21/03/2022,,68434,70144,68434,69874,1884100,145455490000
VNM,HOSE,22/03/2022,,70144,70144,69154,69244,2390200,184310210000.0050
VNM,HOSE,23/03/2022,,69154,69334,68343,68524,3226000,246664909999.9990
VNM,HOSE,24/03/2022,,68434,68524,67713,68073,3389800,255917099999.9970
VNM,HOSE,25/03/2022,,68073,68253,67623,67713,2699500,203280080000
VNM,HOSE,28/03/2022,,67803,68073,66092,66092,4038700,299622389999.9960
VNM,HOSE,29/03/2022,,66182,67983,66182,67983,2139300,159656500000
VNM,HOSE,30/03/2022,,67983,68974,67623,68614,3413800,260113559999.9980
VNM,HOSE,31/03/2022,,68614,72936,68434,72846,9645800,761706000000
VNM,HOSE,01/04/2022,,72936,74466,72305,73566,6112000,500246879999.99
VNM,HOSE,04/04/2022,,73836,74286,73386,74016,3808700,312362480000.0060
VNM,HOSE,05/04/2022,,73656,73656,72395,72395,2202100,178176510000
VNM,HOSE,06/04/2022,,72035,73116,71225,71405,4306700,343646489999.9990
VNM,HOSE,07/04/2022,,71945,72035,70685,70685,1760300,139247149999.9990
VNM,HOSE,08/04/2022,,70685,71225,69604,69604,2738300,213777000000
VNM,HOSE,12/04/2022,,69604,70054,68884,69154,1776300,136750950000
VNM,HOSE,13/04/2022,,69154,70685,69064,69514,2118800,164248550000
VNM,HOSE,14/04/2022,,69784,70234,68704,68704,1810200,139040569999.9990
VNM,HOSE,15/04/2022,,68884,69874,68434,68884,1362400,104661560000
VNM,HOSE,18/04/2022,,68884,70144,68794,69334,2564300,198030970000.0010
VNM,HOSE,19/04/2022,,69424,69964,68434,68434,1670200,128192519999.9990
VNM,HOSE,20/04/2022,,68434,69064,68073,68073,1931100,146767130000
VNM,HOSE,21/04/2022,,67803,68884,67533,67533,4615600,349247269999.9970
VNM,HOSE,22/04/2022,,68163,68884,67983,68343,2800400,212794950000
VNM,HOSE,25/04/2022,,68434,68704,65732,66182,2659800,198330449999.9990
VNM,HOSE,26/04/2022,,66182,68434,63841,68343,3883000,283884520000.0010
VNM,HOSE,27/04/2022,,67713,68253,66362,67533,1826000,136618370000
VNM,HOSE,28/04/2022,,67443,67443,66453,66903,1911000,141857490000
VNM,HOSE,29/04/2022,,66993,67533,66633,66813,1630100,121400580000
VNM,HOSE,04/05/2022,,66813,66993,65282,65282,1763900,129405120000.0010
VNM,HOSE,05/05/2022,,65912,65912,64382,64922,1548200,111930569999.9990
VNM,HOSE,06/05/2022,,64291,64472,62581,63211,2109800,149010260000
VNM,HOSE,09/05/2022,,63211,64382,62671,63031,2392100,168407020000
VNM,HOSE,10/05/2022,,63031,64742,63031,63571,3106500,220506909999.9980
VNM,HOSE,11/05/2022,,63571,64021,62581,62581,1793700,125710520000
VNM,HOSE,12/05/2022,,62851,62851,59879,59879,3189100,217151290000.0020
VNM,HOSE,13/05/2022,,60330,61050,59339,59519,4590600,306389260000
VNM,HOSE,16/05/2022,,59969,60870,59159,59249,1977800,131734270000
VNM,HOSE,17/05/2022,,59069,63031,58709,63031,2105100,141747410000
VNM,HOSE,18/05/2022,,63031,63481,62581,63301,1983200,138703040000
VNM,HOSE,19/05/2022,,62581,63031,62130,62130,1449400,100900900000
VNM,HOSE,20/05/2022,,62130,62941,61230,61320,1296200,89315880000.0002
VNM,HOSE,23/05/2022,,61680,61860,59609,59699,2022200,136198470000
VNM,HOSE,24/05/2022,,60059,62040,59879,62040,2033000,138471740000
VNM,HOSE,25/05/2022,,62040,65102,62040,64742,2362100,167269560000.0010
VNM,HOSE,26/05/2022,,64742,64742,63661,64201,1530800,109266470000.0010
VNM,HOSE,27/05/2022,,64201,66002,63661,65732,3456900,251990110000
VNM,HOSE,30/05/2022,,65642,65642,64832,65282,2124400,153716500000
VNM,HOSE,31/05/2022,,64922,65192,64562,64562,2058700,148204050000
VNM,HOSE,01/06/2022,,64382,65372,64201,64742,1229600,88186599999.9999
VNM,HOSE,02/06/2022,,64832,64832,63751,64021,1487800,106126290000
VNM,HOSE,03/06/2022,,63931,64201,63031,63301,1052800,74227419999.9998
VNM,HOSE,06/06/2022,,63211,64111,63031,63751,1432000,101266040000
VNM,HOSE,07/06/2022,,63301,63661,63031,63571,1322200,92936839999.9992
VNM,HOSE,08/06/2022,,63661,64291,63661,63931,1698600,120848960000
VNM,HOSE,09/06/2022,,63931,64021,63211,63211,1045100,73635309999.9995
VNM,HOSE,10/06/2022,,63031,63211,62581,62581,1483300,103450120000.0010
VNM,HOSE,13/06/2022,,61590,61590,59609,59789,2379700,159827640000.0010
VNM,HOSE,14/06/2022,,58979,60780,58889,59519,1393200,92445009999.9996
VNM,HOSE,15/06/2022,,59519,59879,58078,58078,2680600,175894339999.9990
VNM,HOSE,16/06/2022,,58619,61500,58529,61230,2215500,147574949999.9990
VNM,HOSE,17/06/2022,,60240,61770,58709,60059,2502800,167819799999.9990
VNM,HOSE,20/06/2022,,59789,62761,59789,62130,2588200,178288920000.0010
VNM,HOSE,21/06/2022,,62311,66453,61950,66362,4839300,348608700000.0040
VNM,HOSE,22/06/2022,,65822,66092,63571,63571,2214000,159037299999.9990
VNM,HOSE,23/06/2022,,63571,64832,63031,63661,1103100,78475180000
VNM,HOSE,24/06/2022,,63931,65642,63841,64382,1684400,120985780000
VNM,HOSE,27/06/2022,,64652,64922,63301,64021,1804300,128083030000
VNM,HOSE,28/06/2022,,63571,65462,63121,63751,3037200,215571239999.9990
VNM,HOSE,29/06/2022,,63571,65462,63571,65102,1941000,139061619999.9990
VNM,HOSE,30/06/2022,,65102,67353,65012,65012,3582600,264086880000
VNM,HOSE,01/07/2022,,65102,66543,64832,66362,2859000,208498029999.9990
VNM,HOSE,04/07/2022,,66633,68253,66453,67623,3139300,236046219999.9980
VNM,HOSE,05/07/2022,,67803,67893,65732,65822,2590800,192500260000
VNM,HOSE,06/07/2022,,66147,66613,64750,65868,2360100,165986620000
VNM,HOSE,07/07/2022,,65868,68011,65216,68011,3049600,219672729999.9990
VNM,HOSE,08/07/2022,,68011,68290,67545,68011,1704200,124147639999.9990
VNM,HOSE,11/07/2022,,67265,69594,67079,68011,2556900,187279999999.9990
VNM,HOSE,12/07/2022,,68011,68849,67638,68290,976100,71365000000
VNM,HOSE,13/07/2022,,68197,68570,67452,67545,1423500,103813420000
VNM,HOSE,14/07/2022,,67358,68197,67265,67452,982300,71310740000
VNM,HOSE,15/07/2022,,67452,68011,66706,66706,1475000,106518400000
VNM,HOSE,18/07/2022,,67079,67265,66613,66799,1106700,79427170000.0004
VNM,HOSE,19/07/2022,,67079,67917,66706,67824,1530100,110896260000
VNM,HOSE,20/07/2022,,68197,68570,67824,68011,1167800,85484870000.0004
VNM,HOSE,21/07/2022,,67545,68570,67265,68197,1720500,125415550000.0010
VNM,HOSE,22/07/2022,,68197,68197,67079,67079,712300,51603420000.0003
VNM,HOSE,25/07/2022,,67079,67917,66893,67917,1242600,89764950000
VNM,HOSE,26/07/2022,,67917,68011,66893,67079,1154000,83555530000.0006
VNM,HOSE,27/07/2022,,67079,67638,66893,67265,789500,57053590000.0006
VNM,HOSE,28/07/2022,,67545,67824,67358,67638,1219400,88478430000
VNM,HOSE,29/07/2022,,67731,68570,67452,67824,2582800,188885689999.9990
VNM,HOSE,01/08/2022,,67824,68476,67265,68476,2527600,183567460000
VNM,HOSE,02/08/2022,,68383,69129,67731,68383,2600900,190624759999.9990
VNM,HOSE,03/08/2022,,67824,68476,67545,68383,3134700,228605989999.9990
VNM,HOSE,04/08/2022,,68383,68383,67824,68290,1720600,125898800000.0020
VNM,HOSE,05/08/2022,,68290,68383,67638,67638,2135400,155553559999.9980
VNM,HOSE,08/08/2022,,67545,67545,67172,67265,2795800,202016190000.0020
VNM,HOSE,09/08/2022,,67265,67452,67079,67079,2129800,153703590000.0010
VNM,HOSE,10/08/2022,,67079,67638,67079,67545,1544800,111671230000.0010
VNM,HOSE,11/08/2022,,67638,67638,65868,66240,3884600,278787530000
VNM,HOSE,12/08/2022,,66147,66986,66147,66986,1796100,128697800000
VNM,HOSE,15/08/2022,,67079,67079,66427,66613,2525800,180753470000
VNM,HOSE,16/08/2022,,66893,67452,66799,66893,1688300,121311859999.9990
VNM,HOSE,17/08/2022,,66893,67638,66799,67638,1316400,95183950000.0002
VNM,HOSE,18/08/2022,,67638,68570,67638,68383,4230600,309840260000
VNM,HOSE,19/08/2022,,68383,69408,67917,69035,5225600,387583860000.0040
VNM,HOSE,22/08/2022,,69035,69688,68663,68663,2071700,153706000000
VNM,HOSE,23/08/2022,,68663,70712,68570,70619,4551200,339741200000.0020
VNM,HOSE,24/08/2022,,70619,72948,70619,72389,5443600,421259819999.9990
VNM,HOSE,25/08/2022,,72576,72948,71737,72576,2182100,169614000000
VNM,HOSE,26/08/2022,,72482,72762,70992,71644,2463000,189784200000.0010
VNM,HOSE,29/08/2022,,70899,71085,70247,70340,3311500,250861690000.0010
VNM,HOSE,30/08/2022,,70340,71178,70340,70805,2234900,169751560000.0010
VNM,HOSE,31/08/2022,,70712,71178,70340,70340,1657100,125841220000
VNM,HOSE,05/09/2022,,70340,72482,70340,72203,3169400,242605419999.9990
VNM,HOSE,06/09/2022,,72203,73600,72017,72482,2649000,207003849999.9990
VNM,HOSE,07/09/2022,,72482,72482,70526,70526,2916400,224462530000.0010
VNM,HOSE,08/09/2022,,70805,71271,70060,70526,1351100,102460580000
VNM,HOSE,09/09/2022,,70712,71271,70340,70712,1188500,90372160000
VNM,HOSE,12/09/2022,,70805,70992,70153,70153,1386100,104893220000
VNM,HOSE,13/09/2022,,70060,70805,70060,70526,1556500,117739740000
VNM,HOSE,14/09/2022,,69781,69874,68756,68942,2037900,151433930000
VNM,HOSE,15/09/2022,,69035,70060,69035,69408,1207500,90015900000
VNM,HOSE,16/09/2022,,69594,70805,69315,70805,2308600,174072050000
VNM,HOSE,19/09/2022,,70433,70526,69781,70060,1418000,106832340000
VNM,HOSE,20/09/2022,,70153,70992,70153,70619,1139700,86250569999.9999
VNM,HOSE,21/09/2022,,70526,72296,70433,71644,2477500,190040420000.0010
VNM,HOSE,22/09/2022,,71364,71830,70805,71644,1033500,79134690000.0002
VNM,HOSE,23/09/2022,,71737,72017,71271,71458,1398600,107465890000
VNM,HOSE,26/09/2022,,70619,70992,68663,68942,3386000,254614640000
VNM,HOSE,27/09/2022,,69408,69781,67358,67452,2415500,176159519999.9990
VNM,HOSE,28/09/2022,,67079,68011,66054,66893,2145700,154157200000
VNM,HOSE,29/09/2022,,67917,68476,67265,67731,2033200,148373990000.0010
VNM,HOSE,30/09/2022,,66986,68290,66986,67358,2345100,169892970000
VNM,HOSE,03/10/2022,,66986,67545,66147,66147,2039100,146846290000.0010
VNM,HOSE,04/10/2022,,66893,66893,65216,66054,1631300,115552890000
VNM,HOSE,05/10/2022,,66147,67079,66147,66706,1493400,106914420000
VNM,HOSE,06/10/2022,,66427,66520,65216,65216,1503000,106415930000
VNM,HOSE,07/10/2022,,64563,66427,61955,65029,2685300,182976610000
VNM,HOSE,10/10/2022,,63818,66613,62793,65681,1661900,116323380000
VNM,HOSE,11/10/2022,,65681,66613,64843,65402,1718400,120962640000
VNM,HOSE,12/10/2022,,65681,66799,65309,66706,1274000,90738180000.0011
VNM,HOSE,13/10/2022,,66147,68756,65961,68756,3171000,229903349999.9990
VNM,HOSE,14/10/2022,,68942,69408,68663,68942,1436500,106503899999.9990
VNM,HOSE,17/10/2022,,68756,69967,68663,69035,1679700,124983140000
VNM,HOSE,18/10/2022,,69874,71737,69594,71271,3137000,239423090000.0030
VNM,HOSE,19/10/2022,,70899,71551,70899,71364,1038000,79407689999.9999
VNM,HOSE,20/10/2022,,71364,72203,70619,72203,2290400,176142880000
VNM,HOSE,21/10/2022,,72203,73041,71271,71737,2097600,162586310000
VNM,HOSE,24/10/2022,,71923,71923,68942,68942,1578600,119498640000
VNM,HOSE,25/10/2022,,69035,71551,69035,70805,1657600,125349270000
VNM,HOSE,26/10/2022,,70805,71178,70433,70805,824700,62635539999.9998
VNM,HOSE,27/10/2022,,70805,73135,70805,73135,2283600,177687530000.0010
VNM,HOSE,28/10/2022,,73135,73228,72389,72669,1438800,112615390000
VNM,HOSE,31/10/2022,,72389,73135,72017,73135,1572200,122447080000
VNM,HOSE,01/11/2022,,73135,76861,73135,74718,3180100,256590010000.0010
VNM,HOSE,02/11/2022,,74718,74812,72948,72948,1830500,145377939999.9990
VNM,HOSE,03/11/2022,,72669,75184,72669,74532,1278300,101971950000
VNM,HOSE,04/11/2022,,74439,75464,72669,74532,2909200,232771569999.9990
VNM,HOSE,07/11/2022,,74625,76582,74532,76582,2638300,214994050000.0010
VNM,HOSE,08/11/2022,,76582,76768,74159,76768,2301400,187384100000.0010
VNM,HOSE,09/11/2022,,76395,76582,74532,75371,2701100,219122770000.0020
VNM,HOSE,10/11/2022,,75371,75464,71737,73041,2637600,207095320000
VNM,HOSE,11/11/2022,,73507,74905,73041,73041,1564400,124597620000
VNM,HOSE,14/11/2022,,72669,76395,70899,73600,2596800,202555670000
VNM,HOSE,15/11/2022,,73600,73973,71271,71737,2089600,162048820000
VNM,HOSE,16/11/2022,,70340,73414,68756,69408,3542600,268900049999.9980
VNM,HOSE,17/11/2022,,71551,72948,69967,70805,2599500,197971269999.9990
VNM,HOSE,18/11/2022,,71737,72482,70526,71737,2229300,170600480000
VNM,HOSE,21/11/2022,,71737,72576,71644,72576,1787400,137961680000
VNM,HOSE,22/11/2022,,72203,74718,72110,74066,2281200,181185450000.0010
VNM,HOSE,23/11/2022,,74066,74253,72948,73973,773100,60993470000
VNM,HOSE,24/11/2022,,73600,75650,73507,75650,2881100,231335899999.9990
VNM,HOSE,25/11/2022,,75743,77048,75464,76582,2596100,213028030000.0020
VNM,HOSE,28/11/2022,,76395,77700,76116,76116,2299200,190159300000.0010
VNM,HOSE,29/11/2022,,75743,77607,74998,77327,2404200,196135790000.0010
VNM,HOSE,30/11/2022,,77327,77327,75930,77141,1995600,164793560000
VNM,HOSE,01/12/2022,,76023,77234,76023,76768,2216800,181956840000
VNM,HOSE,02/12/2022,,76675,78259,76395,78259,2521800,210075420000.0010
VNM,HOSE,05/12/2022,,78352,79749,78352,79190,2066000,175563770000
VNM,HOSE,06/12/2022,,79190,79284,76861,76861,1395300,117006800000
VNM,HOSE,07/12/2022,,77327,78538,76209,76861,1839600,152865050000.0010
VNM,HOSE,08/12/2022,,77327,78259,75464,75464,1597100,132246530000
VNM,HOSE,09/12/2022,,75464,76209,74532,74532,2408500,194347129999.9990
VNM,HOSE,12/12/2022,,74812,76302,73041,73135,3142700,248809550000.0010
VNM,HOSE,13/12/2022,,73228,73973,71923,72669,3610400,281530000000
VNM,HOSE,14/12/2022,,73973,73973,72203,72203,3522100,274548440000
VNM,HOSE,15/12/2022,,72203,73787,72017,72296,2595300,202979430000
VNM,HOSE,16/12/2022,,72389,73414,72296,72669,3002000,234552259999.9990
VNM,HOSE,19/12/2022,,73135,73135,71737,71737,2422700,188201620000
VNM,HOSE,20/12/2022,,72017,74253,71644,73321,3030300,236771660000
VNM,HOSE,21/12/2022,,74253,75091,74066,74253,2305500,184547910000
VNM,HOSE,22/12/2022,,75204,75393,73022,73022,1587300,124023639999.9990
VNM,HOSE,23/12/2022,,73117,74160,72264,72264,1561800,120383350000
VNM,HOSE,26/12/2022,,72453,73591,71979,72074,1657600,127055620000
VNM,HOSE,27/12/2022,,72833,73971,72074,72643,1586800,122015840000
VNM,HOSE,28/12/2022,,72738,73971,72643,73022,1188500,91777170000.0001
VNM,HOSE,29/12/2022,,73402,74160,73022,73022,1329700,103065050000
VNM,HOSE,30/12/2022,,73971,73971,72169,72169,1199300,92314609999.9999
VNM,HOSE,03/01/2023,,72548,74445,72264,74445,1496000,116080730000
VNM,HOSE,04/01/2023,,74635,75204,74540,75204,1089800,86031089999.9998
VNM,HOSE,05/01/2023,,75204,77195,74919,77005,2469800,198774400000
VNM,HOSE,06/01/2023,,76816,77005,75488,75678,1269700,102222210000
VNM,HOSE,09/01/2023,,75773,76531,75488,76531,948300,75949080000.0001
VNM,HOSE,10/01/2023,,76721,77290,76436,76816,1196000,97006529999.9997
VNM,HOSE,11/01/2023,,76816,77385,75298,75298,1534700,123245440000
VNM,HOSE,12/01/2023,,75773,76057,75204,75867,684900,54656469999.9999
VNM,HOSE,13/01/2023,,76057,76911,75962,76436,1449000,116919550000
VNM,HOSE,16/01/2023,,76436,76626,75298,75298,654700,52237430000.0001
VNM,HOSE,17/01/2023,,76057,76816,75298,76721,1671400,134661510000
VNM,HOSE,18/01/2023,,76721,77290,76531,77100,1297900,105403050000
VNM,HOSE,19/01/2023,,76626,77290,75867,77100,2627700,212775480000
VNM,HOSE,27/01/2023,,77195,77669,75488,75867,2331800,188041240000.0010
VNM,HOSE,30/01/2023,,75867,75867,75298,75298,1614000,128470010000
VNM,HOSE,31/01/2023,,75109,75393,72928,73117,4817500,372847120000.0040
VNM,HOSE,01/02/2023,,73686,73781,72928,73212,1810400,140094900000.0010
VNM,HOSE,02/02/2023,,73402,73497,72738,72738,1494400,115318310000.0010
VNM,HOSE,03/02/2023,,73022,73117,71979,72074,1855200,141656780000.0020
VNM,HOSE,06/02/2023,,71979,73497,71979,73402,1910700,146803900000
VNM,HOSE,07/02/2023,,73591,73591,72169,72169,1274400,98094299999.9992
VNM,HOSE,08/02/2023,,72264,72643,71789,71884,1550000,117946920000
VNM,HOSE,09/02/2023,,71884,72074,71126,71126,1593600,119858250000
VNM,HOSE,10/02/2023,,71126,71979,71126,71979,1236100,92966840000
VNM,HOSE,13/02/2023,,71979,71979,70272,71410,1569000,117016349999.9980
VNM,HOSE,14/02/2023,,71410,71789,70557,70841,1073500,80482700000.0003
VNM,HOSE,15/02/2023,,70841,72074,70557,72074,1443500,108817259999.9990
VNM,HOSE,16/02/2023,,72074,72548,71695,72548,691300,52581870000.0002
VNM,HOSE,17/02/2023,,72169,72453,71410,72074,777000,59017369999.9999
VNM,HOSE,20/02/2023,,72074,73497,71600,73497,1385300,106463860000
VNM,HOSE,21/02/2023,,73497,73591,72738,73212,888300,68489379999.9999
VNM,HOSE,22/02/2023,,72359,72738,71600,71600,1295600,98376210000.0001
VNM,HOSE,23/02/2023,,71600,72928,70557,71789,2327900,175119970000
VNM,HOSE,24/02/2023,,71789,72074,70651,70841,1681000,125899510000
VNM,HOSE,27/02/2023,,70841,71979,70177,71315,1112500,83487769999.9998
VNM,HOSE,28/02/2023,,71600,71979,71220,71600,1034300,78109520000.0002
VNM,HOSE,01/03/2023,,71220,73022,71126,72928,1635500,124807340000
VNM,HOSE,02/03/2023,,72928,72928,72169,72548,1088800,83240939999.9998
VNM,HOSE,03/03/2023,,71126,72833,71126,72074,704200,53548840000.0001
VNM,HOSE,06/03/2023,,72074,72643,71126,71126,891800,67617159999.9997
VNM,HOSE,07/03/2023,,71979,72264,71600,71884,1170900,88872330000
VNM,HOSE,08/03/2023,,71315,72548,71126,72548,1244400,94342830000.0001
VNM,HOSE,09/03/2023,,72264,73117,72264,72548,1389700,106696519999.9990
VNM,HOSE,10/03/2023,,72548,73212,72169,72928,1427700,109646650000
VNM,HOSE,13/03/2023,,72833,73117,72643,72928,1824500,140409899999.9990
VNM,HOSE,14/03/2023,,72359,72928,71695,72643,1735100,132296880000
VNM,HOSE,15/03/2023,,72643,73307,72548,73117,1960200,150723470000
VNM,HOSE,16/03/2023,,73022,73117,71979,72453,1529200,116595420000.0010
VNM,HOSE,17/03/2023,,72453,72453,70651,70651,2432800,182497589999.9980
VNM,HOSE,20/03/2023,,71126,71126,70272,70462,1609600,119751669999.9990
VNM,HOSE,21/03/2023,,70557,71220,70367,70557,1350200,100587910000
VNM,HOSE,22/03/2023,,70746,70841,70557,70557,900200,67035979999.9998
VNM,HOSE,23/03/2023,,70462,71410,70177,71410,1285000,96020880000
VNM,HOSE,24/03/2023,,71126,71600,70936,71126,932300,70059489999.9998
VNM,HOSE,27/03/2023,,71126,71126,70462,70746,1371500,102106340000
VNM,HOSE,28/03/2023,,70651,71410,70557,70557,1650000,123093690000
VNM,HOSE,29/03/2023,,70841,71031,70557,71031,907400,67625679999.9996
VNM,HOSE,30/03/2023,,70841,71505,70746,71126,838700,62978679999.9997
VNM,HOSE,31/03/2023,,71126,71505,70557,70557,1076100,80461109999.9995
VNM,HOSE,03/04/2023,,70746,71031,70367,70557,850600,63350190000.0006
VNM,HOSE,04/04/2023,,70557,70651,70367,70367,1819000,135220150000.0010
VNM,HOSE,05/04/2023,,70367,70936,70272,70651,963400,71661680000
VNM,HOSE,06/04/2023,,70557,70746,70462,70462,905600,67368730000.0003
VNM,HOSE,07/04/2023,,70557,70841,70462,70841,794400,59167719999.9999
VNM,HOSE,10/04/2023,,70841,70841,70557,70557,832700,62067849999.9998
VNM,HOSE,11/04/2023,,70462,70651,70272,70557,782800,58160949999.9998
VNM,HOSE,12/04/2023,,70557,70557,70177,70462,979100,72626030000.0008
VNM,HOSE,13/04/2023,,70462,70557,69703,69703,889600,65685040000.0003
VNM,HOSE,14/04/2023,,69798,69893,69039,69039,1294000,94590629999.9998
VNM,HOSE,17/04/2023,,69039,69134,67996,67996,1365400,98284369999.9982
VNM,HOSE,18/04/2023,,68091,69229,68091,69229,931800,67367849999.9997
VNM,HOSE,19/04/2023,,69324,69324,68281,68281,816300,58981430000.0001
VNM,HOSE,20/04/2023,,68375,68850,68091,68186,822300,59236699999.9998
VNM,HOSE,21/04/2023,,68281,68281,67143,67237,1107600,78928609999.9998
VNM,HOSE,24/04/2023,,67332,67427,66574,66858,1134600,80136569999.9997
VNM,HOSE,25/04/2023,,66858,67712,66194,66289,1370200,96230089999.9988
VNM,HOSE,26/04/2023,,66384,67332,66384,67332,941600,66504139999.9998
VNM,HOSE,27/04/2023,,67332,67332,65910,65910,1369100,95738190000.0021
VNM,HOSE,28/04/2023,,66194,66574,66099,66384,1116700,78108400000
VNM,HOSE,04/05/2023,,66384,66384,64867,65056,2657800,183223759999.9990
VNM,HOSE,05/05/2023,,65056,65625,65056,65246,712200,49065090000
VNM,HOSE,08/05/2023,,65436,66763,65436,66763,1227700,86052359999.9992
VNM,HOSE,09/05/2023,,67143,67332,66858,67048,871300,61655529999.9998
VNM,HOSE,10/05/2023,,67143,67427,66858,66858,951600,67404409999.9999
VNM,HOSE,11/05/2023,,66858,67237,66384,66384,447300,31387499999.9998
VNM,HOSE,12/05/2023,,66763,66763,65910,66005,1214100,84576169999.9988
VNM,HOSE,15/05/2023,,66289,66289,65436,65436,1537800,106602049999.9990
VNM,HOSE,16/05/2023,,65436,66099,65436,66099,1380300,95399200000.0007
VNM,HOSE,17/05/2023,,66099,66099,65246,65436,1869200,129078800000
VNM,HOSE,18/05/2023,,65436,66384,64961,65625,2496400,172409890000.0010
VNM,HOSE,19/05/2023,,65815,65910,65056,65056,1203800,82803679999.9999
VNM,HOSE,22/05/2023,,65151,65436,64677,64677,1698000,116312390000
VNM,HOSE,23/05/2023,,64487,64867,63539,63539,2935700,198604380000.0010
VNM,HOSE,24/05/2023,,63634,63918,62685,62875,2350000,156507340000.0010
VNM,HOSE,25/05/2023,,62780,64013,62591,63634,1305500,87358340000
VNM,HOSE,26/05/2023,,63918,64487,63634,63634,904500,61058870000.0003
VNM,HOSE,29/05/2023,,63823,64203,63634,63634,1043600,70206440000.0002
VNM,HOSE,30/05/2023,,63634,63918,63065,63065,1770500,118387000000
VNM,HOSE,31/05/2023,,63349,63349,62685,62685,1466600,97414950000.0004
VNM,HOSE,01/06/2023,,62685,63065,62591,62685,1214500,80405590000.0008
VNM,HOSE,02/06/2023,,62780,62875,62116,62496,2969700,195771759999.9970
VNM,HOSE,05/06/2023,,63065,63729,62780,63065,3323000,221561330000.0020
VNM,HOSE,06/06/2023,,63444,63444,62591,62970,3423000,227347159999.9930
VNM,HOSE,07/06/2023,,63065,63254,62591,62780,3719000,246529409999.9920
VNM,HOSE,08/06/2023,,63065,63065,62116,62116,5036500,331949809999.9940
VNM,HOSE,09/06/2023,,62211,63065,62116,62401,2080200,136849920000.0010
VNM,HOSE,12/06/2023,,62591,64487,62591,64392,5450300,365402720000.0020
VNM,HOSE,13/06/2023,,64582,64772,64013,64108,4943400,335388150000.0040
VNM,HOSE,14/06/2023,,64203,64677,63634,63634,4910200,331065370000.0010
VNM,HOSE,15/06/2023,,63823,63918,62780,62875,4687800,312165630000.0090
VNM,HOSE,16/06/2023,,63065,63160,62591,62685,5993000,396758319999.9940
VNM,HOSE,19/06/2023,,62875,63160,62211,62401,3279400,216397409999.9980
VNM,HOSE,20/06/2023,,62496,62496,62116,62116,2963000,194506369999.9980
VNM,HOSE,21/06/2023,,62211,62875,62116,62875,3490900,229917840000.0010
VNM,HOSE,22/06/2023,,63065,63823,62875,63444,5610600,374939180000.0030
VNM,HOSE,23/06/2023,,63539,65910,63539,65530,11958000,816161940000.0230
VNM,HOSE,26/06/2023,,65720,67048,64772,66953,10737800,749528530000.0180
VNM,HOSE,27/06/2023,,67143,67143,66005,66858,5978900,418826859999.9980
VNM,HOSE,28/06/2023,,66858,67237,66099,66953,6154700,432497939999.9980
VNM,HOSE,29/06/2023,,66953,68660,66479,68186,7698400,550725300000
VNM,HOSE,30/06/2023,,68186,68281,67143,67332,3645000,259810539999.9990
VNM,HOSE,03/07/2023,,67427,67712,66668,67048,3186200,225019249999.9980
VNM,HOSE,04/07/2023,,66858,67522,66479,66953,4781600,336958169999.9990
VNM,HOSE,05/07/2023,,67143,67143,66005,66194,6659200,467280700000.0090
VNM,HOSE,06/07/2023,,66289,67048,66194,66858,7631000,536380790000.0030
VNM,HOSE,07/07/2023,,67048,67522,66763,67237,5780500,408846150000.0010
VNM,HOSE,10/07/2023,,67712,68944,67522,68375,6171100,445202110000.0030
VNM,HOSE,11/07/2023,,68375,69608,67996,69039,5702300,412968840000
VNM,HOSE,12/07/2023,,69134,69703,68850,69703,4195800,306049559999.9960
VNM,HOSE,13/07/2023,,69608,69988,69134,69324,3783500,277518699999.9980
VNM,HOSE,14/07/2023,,69419,69608,68375,69513,5209700,378343759999.9970
VNM,HOSE,17/07/2023,,69229,69798,68470,68565,3922800,284809839999.9990
VNM,HOSE,18/07/2023,,68755,68850,68470,68660,2930000,212113000000
VNM,HOSE,19/07/2023,,68755,69229,68660,68850,2945100,214037210000
VNM,HOSE,20/07/2023,,68850,69039,68565,68850,2600700,188623560000
VNM,HOSE,21/07/2023,,68850,69703,68755,69703,3341800,244536510000.0020
VNM,HOSE,24/07/2023,,69703,70177,69513,69798,2535300,186511900000.0010
VNM,HOSE,25/07/2023,,69798,70841,69324,70651,4245900,314056000000
VNM,HOSE,26/07/2023,,70557,71315,70462,71126,3189700,238714900000
VNM,HOSE,27/07/2023,,71126,71884,70936,71789,4178200,313861000000
VNM,HOSE,28/07/2023,,71884,73686,71695,73402,5473600,419767359999.9980
VNM,HOSE,31/07/2023,,73307,74350,73212,73971,3364900,261639359999.9990
VNM,HOSE,01/08/2023,,73971,73971,72074,72074,5735402,442128587700
VNM,HOSE,02/08/2023,,72074,72548,71410,72169,2678900,203165350000
VNM,HOSE,03/08/2023,,72610,72610,71140,71140,2917600,213780749999.9990
VNM,HOSE,04/08/2023,,71042,71532,70552,71532,3165200,229410970000.0010
VNM,HOSE,07/08/2023,,71434,73394,70846,73394,4317900,317689669999.9990
VNM,HOSE,08/08/2023,,73198,73394,72414,73002,3430500,255314350000
VNM,HOSE,09/08/2023,,73002,73002,71336,71630,3705000,272228410000
VNM,HOSE,10/08/2023,,71630,72512,71434,71630,2733200,200624990000
VNM,HOSE,11/08/2023,,71630,72022,70944,72022,2181300,159309560000
VNM,HOSE,14/08/2023,,71924,72022,71042,71924,3066500,224388579999.9990
VNM,HOSE,15/08/2023,,71434,71924,71238,71336,2219700,161907279999.9990
VNM,HOSE,16/08/2023,,71336,72022,71042,71630,2083900,152132520000
VNM,HOSE,17/08/2023,,71630,73002,71434,72120,4580900,338998060000
VNM,HOSE,18/08/2023,,72022,73296,70650,71826,7106200,525188179999.9980
VNM,HOSE,21/08/2023,,71238,72316,71238,71434,3055200,223395739999.9990
VNM,HOSE,22/08/2023,,71728,71728,69671,71238,3075100,221877140000.0010
VNM,HOSE,23/08/2023,,70944,72120,70160,72022,3072800,223255029999.9960
VNM,HOSE,24/08/2023,,72022,73394,71532,73198,4419900,328868300000.0010
VNM,HOSE,25/08/2023,,73786,73786,72806,73394,2751400,206017150000.0010
VNM,HOSE,28/08/2023,,73492,76530,73492,76334,5466800,420853160000
VNM,HOSE,29/08/2023,,75942,76040,74668,75844,4199900,322799780000
VNM,HOSE,30/08/2023,,75452,76922,74962,76236,2659700,205706769999.9990
VNM,HOSE,31/08/2023,,75942,77314,75550,76236,3836000,298934289999.9990
VNM,HOSE,05/09/2023,,76922,78882,76530,78490,6839900,544463600000.0010
VNM,HOSE,06/09/2023,,78490,78490,77902,78392,2280400,182086400000
VNM,HOSE,07/09/2023,,78294,78392,77020,77902,3526700,280105660000.0010
VNM,HOSE,08/09/2023,,77608,78490,77510,78392,2774900,221366180000.0020
VNM,HOSE,11/09/2023,,78392,79469,76040,77902,4234900,335958200000.0010
VNM,HOSE,12/09/2023,,77412,79078,76726,78686,2668500,212155019999.9990
VNM,HOSE,13/09/2023,,78000,78686,77118,77510,2507000,199168550000.0010
VNM,HOSE,14/09/2023,,76922,78392,76824,77804,2482600,196233860000
VNM,HOSE,15/09/2023,,77804,79567,77412,77902,5614800,449808009999.9990
VNM,HOSE,18/09/2023,,77510,78196,77118,77314,1322100,104519460000
VNM,HOSE,19/09/2023,,76922,77314,75844,77314,2571700,201056409999.9990
VNM,HOSE,20/09/2023,,76824,77216,76432,76726,1842800,144392370000
VNM,HOSE,21/09/2023,,76530,76726,75746,76432,2537900,197336760000
VNM,HOSE,22/09/2023,,75550,76726,74276,75942,4244900,327136570000.0010
VNM,HOSE,25/09/2023,,75648,76922,75158,76040,2755500,214610820000
VNM,HOSE,26/09/2023,,76040,76432,74472,74570,2534600,194491280000.0010
VNM,HOSE,27/09/2023,,74766,75060,73296,75060,2273300,171977590000
VNM,HOSE,28/09/2023,,74570,74864,73296,73296,1889300,142180969999.9990
VNM,HOSE,29/09/2023,,73492,74864,72708,72708,1403900,105511440000
VNM,HOSE,02/10/2023,,72708,74080,72708,74080,1159900,86936379999.9998
VNM,HOSE,03/10/2023,,73100,73590,72414,72512,1993700,147964559999.9990
VNM,HOSE,04/10/2023,,72120,73100,71924,72904,1077900,79797070000
VNM,HOSE,05/10/2023,,72610,72904,71238,71238,2571400,188885519999.9990
VNM,HOSE,06/10/2023,,71238,72708,71140,72708,1227000,90400950000.0002
VNM,HOSE,09/10/2023,,72512,72610,72120,72218,830900,61378199999.9997
VNM,HOSE,10/10/2023,,72806,73492,72512,72904,1023900,76300399999.9999
VNM,HOSE,11/10/2023,,73100,73296,72512,72904,1134400,84309210000.0003
VNM,HOSE,12/10/2023,,73002,74374,73002,73982,2534800,191244000000
VNM,HOSE,13/10/2023,,73884,74766,73492,74276,1487000,112729970000
VNM,HOSE,16/10/2023,,73590,74276,73198,73688,1344400,101175830000
VNM,HOSE,17/10/2023,,73786,74570,73296,73296,1421900,107278320000
VNM,HOSE,18/10/2023,,73296,73296,70944,72414,2572400,189245620000.0010
VNM,HOSE,19/10/2023,,71924,71924,69475,69964,3904700,280612660000.0010
VNM,HOSE,20/10/2023,,69866,71042,68789,70846,2371800,168939120000.0020
VNM,HOSE,23/10/2023,,70258,70552,68691,68789,2725900,192111639999.9980
VNM,HOSE,24/10/2023,,68789,69377,68691,68887,1099500,77423280000.0002
VNM,HOSE,25/10/2023,,68887,69377,67613,67613,2423700,169779479999.9990
VNM,HOSE,26/10/2023,,67123,67221,64575,65653,5201700,348015490000.0030
VNM,HOSE,27/10/2023,,65947,66633,65261,66633,1811000,121666440000
VNM,HOSE,30/10/2023,,66535,66633,65751,66241,1047000,70912040000.0003
VNM,HOSE,31/10/2023,,66535,68103,66241,66633,2183600,149526989999.9990
VNM,HOSE,01/11/2023,,67613,69083,66535,68985,2337200,161813060000
VNM,HOSE,02/11/2023,,69083,69475,68397,69475,2390200,168253640000
VNM,HOSE,03/11/2023,,69475,69475,68397,68593,1692700,118712869999.9990
VNM,HOSE,06/11/2023,,68789,70062,68691,69573,1136800,80579100000.0001
VNM,HOSE,07/11/2023,,69083,69377,68397,69377,1474700,103584680000
VNM,HOSE,08/11/2023,,69377,70062,68397,69964,2339600,165865570000
VNM,HOSE,09/11/2023,,70160,70650,69279,69279,3420100,244324760000
VNM,HOSE,10/11/2023,,69377,69377,68201,68201,2833100,198703510000.0010
VNM,HOSE,13/11/2023,,68299,68593,67221,67319,1730800,120020389999.9990
VNM,HOSE,14/11/2023,,67613,68005,66829,67515,2996000,205837389999.9980
VNM,HOSE,15/11/2023,,68593,70356,68593,69279,3949400,280956350000.0020
VNM,HOSE,16/11/2023,,69181,69866,68495,68887,2338200,164442780000
VNM,HOSE,17/11/2023,,69573,69671,67809,68593,2335800,163525700000.0010
VNM,HOSE,20/11/2023,,67809,68495,67613,67907,1770000,122782830000
VNM,HOSE,21/11/2023,,68005,68397,67515,68103,2959800,204844569999.9970
VNM,HOSE,22/11/2023,,68103,68789,67613,68005,1302200,90509650000.0001
VNM,HOSE,23/11/2023,,68397,68495,67319,67319,1623100,112335490000
VNM,HOSE,24/11/2023,,67221,67515,66241,66927,3128900,213322780000
VNM,HOSE,27/11/2023,,66927,67025,66535,66731,1333300,90828830000.0006
VNM,HOSE,28/11/2023,,66731,67123,66143,67123,1775600,120589809999.9990
VNM,HOSE,29/11/2023,,67123,67417,66829,67025,1262500,86456260000.0006
VNM,HOSE,30/11/2023,,67025,67319,66045,66045,2581600,175297180000
VNM,HOSE,01/12/2023,,66633,67123,66339,67025,1391800,94781150000.0005
VNM,HOSE,04/12/2023,,67123,68103,67025,67417,3006800,207362330000
VNM,HOSE,05/12/2023,,67417,67613,66633,66731,2302100,157381780000.0020
VNM,HOSE,06/12/2023,,66731,67221,66731,67123,1606600,109715840000
VNM,HOSE,07/12/2023,,67417,67417,66143,67025,3874400,263559699999.9990
VNM,HOSE,08/12/2023,,67025,67907,66633,67613,3729400,256575290000.0060
VNM,HOSE,11/12/2023,,69083,69083,68495,68593,4734500,332444000000
VNM,HOSE,12/12/2023,,68593,68691,67613,68005,2788700,193799460000.0010
VNM,HOSE,13/12/2023,,68201,68299,66731,66829,4511000,310253059999.9950
VNM,HOSE,14/12/2023,,67025,67515,66829,67025,1462000,100090770000
VNM,HOSE,15/12/2023,,67123,67221,66731,66731,3739700,255055260000.0020
VNM,HOSE,18/12/2023,,66731,66829,65653,65653,3513100,237051690000.0020
VNM,HOSE,19/12/2023,,65751,66045,64967,65653,3061900,204563719999.9990
VNM,HOSE,20/12/2023,,65653,66829,65653,66731,2603900,176236819999.9980
VNM,HOSE,21/12/2023,,66535,66927,66437,66437,2585900,175881649999.9980
VNM,HOSE,22/12/2023,,66437,66731,66143,66241,2145700,145352719999.9970
VNM,HOSE,25/12/2023,,66241,67319,66241,66535,2672700,182823250000
VNM,HOSE,26/12/2023,,66927,67123,66633,66633,1975400,134935919999.9970
VNM,HOSE,27/12/2023,,67130,67327,66636,66636,1626400,110278579999.9990
VNM,HOSE,28/12/2023,,66636,67623,66636,67623,2408700,164202680000.0020
VNM,HOSE,29/12/2023,,67821,67821,66735,66735,1954700,133134330000
VNM,HOSE,02/01/2024,,67327,67623,67031,67426,2142800,146043060000.0010
VNM,HOSE,03/01/2024,,67524,68117,67130,68117,1889800,129302100000
VNM,HOSE,04/01/2024,,68216,68610,68117,68117,3401500,235279920000.0010
VNM,HOSE,05/01/2024,,68413,68413,67623,67919,1475700,101418810000.0010
VNM,HOSE,08/01/2024,,68117,68216,67327,67327,2396400,164181690000.0010
VNM,HOSE,09/01/2024,,67327,67623,67130,67228,2460400,167777729999.9990
VNM,HOSE,10/01/2024,,67228,67228,66537,66636,3006600,203721500000
VNM,HOSE,11/01/2024,,66636,67623,66636,67031,2083900,141603849999.9990
VNM,HOSE,12/01/2024,,66735,67031,66142,66340,3283000,220984620000.0040
VNM,HOSE,15/01/2024,,66340,66636,66142,66142,2226700,149381969999.9990
VNM,HOSE,16/01/2024,,66142,66537,65846,66537,2072400,138696260000
VNM,HOSE,17/01/2024,,66636,67031,66142,66241,1826400,123132480000.0010
VNM,HOSE,18/01/2024,,66439,66932,66439,66537,1228400,82880819999.9999
VNM,HOSE,19/01/2024,,66537,67722,66537,67130,2619900,178038339999.9990
VNM,HOSE,22/01/2024,,67130,67821,67130,67426,1959800,133764760000.0010
VNM,HOSE,23/01/2024,,67426,67426,66735,66833,2112000,143320389999.9990
VNM,HOSE,24/01/2024,,66932,67130,66340,66439,2083500,140835070000
VNM,HOSE,25/01/2024,,66537,66636,66044,66044,2660500,178484640000.0030
VNM,HOSE,26/01/2024,,66142,66636,66142,66142,1675800,112569500000
VNM,HOSE,29/01/2024,,66241,66439,66044,66142,1732800,116184000000
VNM,HOSE,30/01/2024,,66439,66439,66044,66044,1790400,119921610000
VNM,HOSE,31/01/2024,,66340,67327,66044,66142,4020100,270786310000.0030
VNM,HOSE,01/02/2024,,66340,66932,66340,66636,2499300,168858690000
VNM,HOSE,02/02/2024,,66636,66833,66142,66537,2611300,175522000000
VNM,HOSE,05/02/2024,,66537,67327,66340,67130,3565900,241697709999.9970
VNM,HOSE,06/02/2024,,67228,67327,66735,66735,2392800,162159439999.9980
VNM,HOSE,07/02/2024,,66735,67031,66340,66735,2736300,184537579999.9990
VNM,HOSE,15/02/2024,,66735,67130,66340,66735,3876600,261964330000
VNM,HOSE,16/02/2024,,66932,69400,66636,69104,11114600,770038880000.0020
VNM,HOSE,19/02/2024,,69992,71671,69795,70980,6652800,476701490000
VNM,HOSE,20/02/2024,,70782,71473,70387,70585,4385700,314619560000.0030
VNM,HOSE,21/02/2024,,70585,70980,70091,70387,3590200,255910020000.0010
VNM,HOSE,22/02/2024,,70387,71769,70190,70684,4648100,334361480000.0020
VNM,HOSE,23/02/2024,,70881,71769,70091,70091,6142500,440740749999.9980
VNM,HOSE,26/02/2024,,70091,70782,69795,70091,3048400,217150729999.9980
VNM,HOSE,27/02/2024,,70289,71473,70190,71078,5282500,379684620000
VNM,HOSE,28/02/2024,,71473,71671,70585,71276,3419000,245978620000
VNM,HOSE,29/02/2024,,71671,72362,70684,71078,6539800,473204410000.0030
VNM,HOSE,01/03/2024,,71177,71177,70289,70585,4397700,314702810000.0030
VNM,HOSE,04/03/2024,,70881,71769,70684,71078,5014600,361516749999.9980
VNM,HOSE,05/03/2024,,71078,72066,70782,72066,5440900,392833000000
VNM,HOSE,06/03/2024,,72362,72559,70881,70881,4833900,350565000000
VNM,HOSE,07/03/2024,,70782,71177,70387,71078,5067600,363096800000.0010
VNM,HOSE,08/03/2024,,71177,71967,69104,69104,7361000,524810189999.9910
VNM,HOSE,11/03/2024,,69598,70387,69104,69400,4208400,297357520000.0010
VNM,HOSE,12/03/2024,,69499,69696,69104,69104,3844000,269928669999.9990
VNM,HOSE,13/03/2024,,69203,69992,69104,69894,5646500,397974919999.9980
VNM,HOSE,14/03/2024,,70091,70387,69400,69598,5445400,384811940000
VNM,HOSE,15/03/2024,,70100,70100,68700,68800,4851100,335739850000.0080
VNM,HOSE,18/03/2024,,68800,69100,67600,67900,6796400,462431110000.0040
VNM,HOSE,19/03/2024,,68500,68500,67800,67800,3164500,215336469999.9980
VNM,HOSE,20/03/2024,,67800,68600,67500,68000,3546900,240724789999.9970
VNM,HOSE,21/03/2024,,68200,68500,67900,68400,4906200,334692869999.9920
VNM,HOSE,22/03/2024,,68600,68700,67800,67800,6066700,412652649999.9920
VNM,HOSE,25/03/2024,,67900,68200,67100,67300,5450700,368958379999.9830
VNM,HOSE,26/03/2024,,67400,67900,67300,67700,2504200,169128630000
VNM,HOSE,27/03/2024,,68000,68000,67500,67700,2637700,178474000000
VNM,HOSE,28/03/2024,,67700,68400,67600,67700,4470700,303535449999.9980
VNM,HOSE,29/03/2024,,68400,68400,67500,67600,3484600,235866000000
VNM,HOSE,01/04/2024,,67600,67700,67000,67000,4988000,335384900000.0050
VNM,HOSE,02/04/2024,,67000,67400,66700,67300,4322900,289695850000.0040
VNM,HOSE,03/04/2024,,67300,67300,66700,66700,5046100,337732389999.9980
VNM,HOSE,04/04/2024,,66700,68400,66700,68200,7472800,507622159999.9920
VNM,HOSE,05/04/2024,,68200,68200,67700,67900,4233800,287814879999.9940
VNM,HOSE,08/04/2024,,68000,68000,66900,67000,3666000,246382680000.0080
VNM,HOSE,09/04/2024,,67100,67300,66800,67000,2516000,168609000000
VNM,HOSE,10/04/2024,,67100,67300,66800,66800,2765500,185287000000.0020
VNM,HOSE,11/04/2024,,66700,66900,66500,66600,2947700,196493140000.0040
VNM,HOSE,12/04/2024,,66800,67100,66600,66700,2509200,167648049999.9980
VNM,HOSE,15/04/2024,,66700,66700,64900,64900,5756100,380165840000.0030
VNM,HOSE,16/04/2024,,64900,65000,63000,64000,7128700,456951190000.0070
VNM,HOSE,17/04/2024,,64400,64900,64200,64200,4589800,296547310000.0060
VNM,HOSE,19/04/2024,,64200,64400,63300,64200,4516100,288580269999.9980
VNM,HOSE,22/04/2024,,64700,65300,64000,64000,2035200,131380040000
VNM,HOSE,23/04/2024,,64200,64300,63200,63500,2014400,128363100000
VNM,HOSE,24/04/2024,,64000,64300,63500,64000,2401300,153694970000
VNM,HOSE,25/04/2024,,64000,64800,63900,64700,1916000,123360760000.0010
VNM,HOSE,26/04/2024,,64700,65800,64500,65000,2940600,191754739999.9980
VNM,HOSE,02/05/2024,,65400,65500,64900,65400,2563400,167248259999.9970
VNM,HOSE,03/05/2024,,65600,66000,65500,65600,1966400,129225720000.0020
VNM,HOSE,06/05/2024,,65800,66400,65500,65800,2261300,148692630000.0020
VNM,HOSE,07/05/2024,,66000,68500,65900,68000,8485900,573043420000.0050
VNM,HOSE,08/05/2024,,68000,68000,67100,67900,2964400,200437400000
VNM,HOSE,09/05/2024,,67900,67900,66600,66600,2998000,200893079999.9990
VNM,HOSE,10/05/2024,,66700,67500,66100,66500,2422429,161542839800
VNM,HOSE,13/05/2024,,66600,66800,65400,65800,2732500,180054519999.9990
VNM,HOSE,14/05/2024,,65900,67000,65900,66500,2433100,162044269999.9990
VNM,HOSE,15/05/2024,,66900,67300,66700,67000,3234900,216930810000.0030
